id|geometry:1|length
segment.871e7689cffffff-179BA07197D8DB8F|LINESTRING (24.0142644 49.8266253, 24.0138907 49.8263217, 24.0135091 49.8259723, 24.0133114 49.8257593, 24.0132714 49.8256982)|125,61
segment.891e7688ad7ffff-17DEB773AD126F06|LINESTRING (24.0679546 49.8334693, 24.0679912 49.8334071, 24.0690319 49.8332523, 24.0694471 49.8331883, 24.0701766 49.8330758)|168,41
segment.8b1e7688339bfff-17BFF6771AB7C83E|LINESTRING (24.0357869 49.8427284, 24.0358693 49.8428271, 24.0359732 49.8429227)|25,45
segment.871e768f4ffffff-17DAE10697EB35D6|LINESTRING (24.1382511 49.8964299, 24.1413651 49.8951152, 24.1424024 49.8946707, 24.1436786 49.8941148, 24.1437306 49.8940921, 24.1449774 49.8934863, 24.146312 49.8927362, 24.1473618 49.8920218, 24.1483795 49.8912892, 24.1493643 49.8904992, 24.150203 49.889767, 24.1512837 49.8887441)|1279,67
segment.8b1e768b5361fff-17DDBE6DC2B2CE45|LINESTRING (23.9604483 49.9045074, 23.9604939 49.9044936, 23.9605433 49.9044814)|7,40
segment.881e768b3dfffff-17BAF239EAB0B056|LINESTRING (23.9300253 49.8727246, 23.9299748 49.8720966, 23.9298949 49.871447, 23.9297367 49.8703418, 23.9296211 49.8695946, 23.9295771 49.869297, 23.9294973 49.8688027, 23.9294692 49.8686282, 23.9294437 49.8684704, 23.9293921 49.8683858, 23.9292231 49.8683464, 23.9280349 49.8684173, 23.9272463 49.8684622)|640,20
segment.891e76881c3ffff-17FBD69E2BBF4749|LINESTRING (24.035125 49.8672913, 24.0367537 49.8672488)|116,83
segment.891e7688177ffff-17D9F894322C0415|LINESTRING (24.0500865 49.8597059, 24.0496133 49.8587474)|111,85
segment.891e7688143ffff-17DDDADA26CACD35|LINESTRING (24.0385961 49.8605537, 24.0377896 49.8604278, 24.0370288 49.8603089, 24.037004 49.8603014, 24.0369855 49.8602884, 24.0369763 49.8602717, 24.0369778 49.860254, 24.0369897 49.8602381, 24.0370103 49.8602264, 24.0376951 49.8599702, 24.0381125 49.859814)|218,75
segment.8a1e768ae8f7fff-17DDF4875D1B027E|LINESTRING (24.0479277 49.9061577, 24.0480714 49.9062657, 24.0481882 49.9063529, 24.0482505 49.9063808, 24.0483236 49.906413, 24.048459 49.9065123)|55,09
segment.8a1e7689115ffff-17FDD87CFBADEDA4|LINESTRING (23.9780731 49.8323224, 23.9773731 49.8322081)|51,79
segment.8d1e76c6da2893f-17FD76CBC9234F3B|LINESTRING (23.9835856 49.8005105, 23.9835816 49.8005564)|5,11
segment.851e768bfffffff-17BBBB12E60129AB|LINESTRING (24.0766436 49.8171924, 24.076782 49.8172136, 24.0768055 49.8171506, 24.0768429 49.8170503, 24.0768697 49.817012, 24.0769693 49.8167858, 24.0770545 49.8165637, 24.0770747 49.8165155, 24.0773488 49.8158085, 24.0773659 49.8157638, 24.0773721 49.8157475, 24.0775451 49.815291, 24.0775863 49.8151822, 24.0776478 49.8150199, 24.0776611 49.8149847, 24.0778896 49.8143484, 24.0777885 49.814167, 24.0777589 49.8141138, 24.0772839 49.8141485, 24.0772173 49.81416, 24.0771393 49.8141735, 24.0765686 49.814324, 24.07611 49.8144398, 24.0755706 49.8145761)|532,56
segment.881e768923fffff-179EFD758BAA8E6B|LINESTRING (23.9320484 49.8117281, 23.9333908 49.8114183, 23.9334675 49.8114032, 23.9335593 49.8114074, 23.9336534 49.8114264, 23.9337274 49.811469, 23.9337913 49.8115209, 23.9338276 49.8115616, 23.934069 49.8118172, 23.9342394 49.8120464, 23.9343863 49.8123108, 23.9344188 49.8124427, 23.9344888 49.8126418, 23.934801 49.8132716, 23.9348477 49.8134844, 23.9348647 49.8136174, 23.9348614 49.8136959, 23.9348353 49.8137629, 23.934801 49.8138426, 23.9347465 49.8138992, 23.9346631 49.81399, 23.9338799 49.8145455, 23.9337593 49.8145609, 23.9336368 49.8145546, 23.9335215 49.8145271, 23.9334221 49.8144805, 23.9332646 49.8144439, 23.9331817 49.8145037, 23.9331008 49.8145279)|574,91
segment.871e76c69ffffff-179B54614E38170A|LINESTRING (23.9850902 49.7749359, 23.9850081 49.7747681, 23.9850425 49.7746682, 23.9851208 49.7745388, 23.9850902 49.7743884, 23.9850291 49.7741295, 23.9850062 49.7739705, 23.9850578 49.7737005, 23.985075 49.7733836, 23.9851112 49.7730508, 23.9851742 49.7729386, 23.9853155 49.7727648, 23.9854033 49.7726587, 23.9854567 49.77257, 23.9854472 49.7724738, 23.9854112 49.7724273, 23.9853766 49.7723826, 23.9853059 49.772353, 23.9851341 49.772337, 23.9849891 49.7723456, 23.9847714 49.7723813, 23.9845195 49.7723776, 23.9838341 49.7722692, 23.9829427 49.7721668, 23.9820894 49.7720374, 23.981343 49.77194, 23.980986 49.7718845, 23.9808352 49.7718266, 23.9805699 49.7716712, 23.9803293 49.7714875, 23.9801766 49.7713531, 23.980148 49.7712952, 23.9800888 49.771204, 23.9799743 49.7710536, 23.9798197 49.7709167, 23.9795868 49.7707725, 23.9793837 49.7706339, 23.9793157 49.7705875, 23.9791095 49.7703964, 23.979037 49.770283, 23.9790484 49.7699489, 23.9789893 49.7697097, 23.9789568 49.7696283, 23.97882 49.7695767)|931,44
segment.8a1e7689138ffff-17BBF89476D17D74|LINESTRING (23.9842573 49.8278622, 23.9843113 49.827881, 23.9843708 49.8279054)|9,46
segment.891e7689107ffff-1799EEF1288CA3C7|LINESTRING (23.980236 49.8304176, 23.9804821 49.8300975, 23.9804979 49.8300785)|42,13
segment.891e7689c8bffff-17BFE93389E1E10B|LINESTRING (24.0039129 49.8343722, 24.0039402 49.8343927, 24.0039531 49.8344023, 24.0040867 49.8344689, 24.0042303 49.8344606, 24.004542 49.8342799)|56,93
segment.881e768b6dfffff-179B7E145E2CD76B|LINESTRING (23.8814693 49.8909746, 23.8816612 49.8919988, 23.8819858 49.8932715)|258,13
segment.871e7612effffff-17FFF5CACCFA617D|LINESTRING (24.1546066 49.771345, 24.154353 49.7712967, 24.1540097 49.7712655, 24.1533775 49.7712155, 24.1528129 49.7711237, 24.1525239 49.7711129)|152,22
segment.891e768866fffff-179D53394AD7E8E5|LINESTRING (23.9816006 49.8570688, 23.982005 49.8570665, 23.9826345 49.8572045)|76,66
segment.8b1e76883d63fff-1799BC57A5D4CEEB|LINESTRING (24.018829 49.8534266, 24.0184178 49.8534328)|29,49
segment.881e76124bfffff-17BAF73A236341C3|LINESTRING (24.1070506 49.8143136, 24.1073228 49.8145477, 24.1077935 49.8147167, 24.1089862 49.8149085, 24.1095912 49.8149987)|203,94
segment.8a1e7689e22ffff-17BDE8A2441259F1|LINESTRING (24.003989 49.8098139, 24.0040054 49.8099169)|11,51
segment.891e7612653ffff-179ADD9A9FDE0F8A|LINESTRING (24.065092 49.7883006, 24.0649985 49.7884611, 24.0649915 49.7887344)|49,46
segment.871e768a8ffffff-17DB73E290D83B01|LINESTRING (24.0924498 49.9043597, 24.0914462 49.9043977, 24.090556 49.9044314, 24.0900879 49.9044491, 24.0877016 49.9045395, 24.0874359 49.9045496, 24.0870968 49.9045703, 24.0867943 49.9045887, 24.0866409 49.9045981, 24.0862128 49.904636, 24.0859842 49.9046783, 24.0851996 49.9048272, 24.0839958 49.904967, 24.0839024 49.9050122, 24.083795 49.9052829, 24.0838116 49.9058782, 24.0838599 49.9060425, 24.0839225 49.9068674, 24.083956 49.9073028)|875,59
segment.8a1e7689ca57fff-17F9B83450559D6C|LINESTRING (24.0236887 49.8341784, 24.0236494 49.8341265, 24.0234462 49.833844, 24.0234099 49.8338012, 24.0233147 49.8337523, 24.0232272 49.8337284)|62,02
segment.8a1e7689dc07fff-17DFDCC6EBC4117B|LINESTRING (24.0318207 49.8313369, 24.0318357 49.8313486, 24.0319635 49.8314548, 24.0319955 49.8314828)|20,51
segment.891e7689a67ffff-179F9D7A40E5F9E8|LINESTRING (24.0124424 49.7855019, 24.0125325 49.7859255, 24.0125617 49.7860628, 24.0125813 49.7864571, 24.0125884 49.786542)|116,28
segment.871e768d6ffffff-179BDBD83AE1E779|LINESTRING (24.1424222 49.8236129, 24.142769 49.8231318, 24.1430834 49.8226955, 24.1432552 49.8224432, 24.1434447 49.8221649)|176,94
segment.891e761308bffff-1799EDB2BC39D1DB|LINESTRING (24.0321438 49.7610396, 24.0323205 49.7618029, 24.0324207 49.7622904)|140,50
segment.891e768966bffff-17BE941978F49682|LINESTRING (23.9044816 49.8232918, 23.9044263 49.8232656, 23.9031912 49.8226264)|118,51
segment.891e7689e33ffff-17DFFD660DC091BA|LINESTRING (23.9992787 49.8127991, 23.9992931 49.8128448, 23.9993004 49.8128682, 23.9993447 49.813009, 23.9995927 49.8129781)|41,94
segment.8b1e76893b1bfff-179D28F47482490D|LINESTRING (23.9647639 49.8194339, 23.9648503 49.8193633)|10,00
segment.8c1e768803827ff-17B9BCEE4DC352E5|LINESTRING (24.0188015 49.8624776, 24.0188889 49.862498, 24.0189273 49.8625068)|9,58
segment.8b1e7688289dfff-17FDE47E3E9EC7D4|LINESTRING (23.9892233 49.8526762, 23.9891869 49.8528094, 23.9891498 49.8528573)|20,99
segment.8a1e768864effff-17DDB6A60F1A3D60|LINESTRING (23.9704733 49.8600303, 23.9703586 49.8600738)|9,54
segment.881e768831fffff-17BBF97147141E4B|LINESTRING (24.02406 49.8464007, 24.0240573 49.8463737, 24.0239346 49.8451385, 24.0239193 49.8449749)|158,86
segment.8b1e768b498dfff-17DEF8EE7E0D4D28|LINESTRING (23.9057955 49.9128106, 23.9057466 49.9128199, 23.9057048 49.9128386, 23.9056743 49.9128648, 23.9056582 49.9128959, 23.9056586 49.9129306, 23.905677 49.9129632, 23.9057111 49.91299, 23.9057572 49.913008, 23.9058099 49.913015, 23.9058633 49.9130103, 23.9059112 49.9129945, 23.9059482 49.9129693, 23.90597 49.9129376, 23.9059742 49.912903, 23.9059615 49.9128713, 23.9059339 49.9128437, 23.9058941 49.9128232, 23.9058464 49.9128118)|67,73
segment.8b1e768a2d68fff-17BD7A794AD7E303|LINESTRING (23.9721639 49.9089277, 23.9720109 49.9089335, 23.9719348 49.9089632, 23.9718151 49.9090379)|29,28
segment.891e76c6ca7ffff-17FB8CE1B6AF3759|LINESTRING (23.9516383 49.8018878, 23.9549784 49.8011921)|251,89
segment.881e7689bbfffff-179B44D1319015E1|LINESTRING (24.0531991 49.7963782, 24.0533226 49.7963086, 24.0543744 49.795749, 24.0549887 49.7954221, 24.05544 49.7951672, 24.0555679 49.7950899, 24.0563017 49.7946462, 24.0565043 49.7945246)|314,39
segment.851e76c7fffffff-17DD7BA489DE51CC|LINESTRING (23.9990823 49.7661968, 23.9991521 49.7672734, 23.9991264 49.7683378, 23.9990852 49.7686586, 23.999018 49.7688524, 23.998929 49.7690252, 23.9988588 49.7691558, 23.9984694 49.7696259, 23.9977387 49.7704629, 23.9975699 49.770745, 23.9976845 49.7710037)|561,36
segment.8a1e76880a57fff-17FDFE8CB023F60E|LINESTRING (24.0257653 49.8700876, 24.0263969 49.8701883)|46,63
segment.881e7689a9fffff-17FFA1D44A8BDA22|LINESTRING (24.0006975 49.8030426, 24.0006456 49.8028124, 24.001458 49.8027341, 24.0016685 49.8027138, 24.0018883 49.8029454)|130,29
segment.881e76883bfffff-17FFE49110C7F6E9|LINESTRING (24.0422712 49.8518195, 24.0422428 49.8518532, 24.0418442 49.8523267, 24.0417732 49.8524483, 24.0412635 49.8534388, 24.0411684 49.8536264, 24.0411234 49.8537111)|226,56
segment.861e768b7ffffff-17FAD2E60BEC3A1A|LINESTRING (23.9244617 49.8671585, 23.9261334 49.867067, 23.9271253 49.8670074, 23.9280604 49.8669512, 23.9288291 49.866905, 23.9290431 49.8668921, 23.9301346 49.8668266, 23.9304817 49.8668052, 23.9329818 49.866651, 23.9335341 49.866617, 23.9337341 49.8666047, 23.9346544 49.8665479)|733,69
segment.8a1e7689c0d7fff-17DBB8632E42A3B1|LINESTRING (24.010505 49.8264686, 24.0103946 49.8264568)|8,03
segment.881e768809fffff-17D9F5D8EFC8375A|LINESTRING (24.0108373 49.8751992, 24.0093984 49.8756362, 24.0079846 49.876087)|227,02
segment.871e76126ffffff-17FF6F32EBE399EE|LINESTRING (24.0718258 49.7856261, 24.0726186 49.7855138)|58,27
segment.891e7689b4fffff-17FDDF48DFA32F9C|LINESTRING (24.032138 49.7855463, 24.0322922 49.7854554, 24.0325328 49.7853318, 24.0327262 49.7852394, 24.03286 49.7852426, 24.0330052 49.7852824, 24.0331928 49.7853606, 24.0334536 49.7854793, 24.0337452 49.785608)|139,57
segment.8b1e7689c853fff-17F9DAAAD18CB21D|LINESTRING (24.0113564 49.8363814, 24.011411 49.8363283)|7,08
segment.8b1e76885681fff-17BBC939AE3AEB61|LINESTRING (24.0304095 49.8729604, 24.0304981 49.8729148)|8,13
segment.891e7688a13ffff-17BFFEC7F8C38480|LINESTRING (24.0784172 49.830524, 24.0784278 49.8304386, 24.0784427 49.8303871, 24.0784584 49.8303624, 24.0785625 49.8303326, 24.078643 49.8303326, 24.0787294 49.8303694, 24.078749 49.8304238, 24.0787763 49.8305235, 24.078747 49.8306582, 24.0786813 49.8307038, 24.0786115 49.8307164, 24.0785035 49.8307215, 24.0784348 49.8306911, 24.0784286 49.8306328)|104,64
segment.861e7688fffffff-17DBB0E5C3701F8A|LINESTRING (24.072658 49.8552367, 24.0730955 49.8547769, 24.0731158 49.8546658, 24.0730907 49.8545595, 24.0730077 49.8542078, 24.0729739 49.8541538, 24.0728961 49.8540884, 24.0725616 49.8539424)|168,53
segment.8a1e768865a7fff-17FD72B141D24E18|LINESTRING (23.9625017 49.8633096, 23.9619824 49.8635269)|44,38
segment.881e76136dfffff-17FD747F58FB1BC5|LINESTRING (23.9969223 49.7618392, 23.9967531 49.7614251, 23.99647 49.7613977, 23.9958329 49.7604192, 23.9953445 49.7596784, 23.9951534 49.7588828, 23.995203 49.7582014, 23.9949552 49.7581603, 23.9949326 49.758049)|471,99
segment.8a1e7689191ffff-17DF35E501BE3563|LINESTRING (23.9701978 49.8404128, 23.9701332 49.8404084, 23.9700551 49.8404031, 23.9700165 49.8404005)|13,07
segment.891e76899abffff-17FF75ED28B4A85B|LINESTRING (24.0677703 49.8130005, 24.0682634 49.8130147, 24.0690782 49.8130297)|93,90
segment.8b1e76883431fff-17F9E7CA485BDCD1|LINESTRING (24.0166887 49.8429403, 24.0167644 49.842932, 24.0168288 49.8429249)|10,19
segment.871e76890ffffff-17F8F7FBC8CE7FEE|LINESTRING (23.9356108 49.8264694, 23.9356739 49.8265092, 23.9360228 49.8267296, 23.9367819 49.8270774, 23.9377851 49.8274061, 23.9382625 49.8275186, 23.940909 49.827798)|417,68
segment.8c1e7688a6c4dff-17BAF7D1FA58DBA2|LINESTRING (24.0822555 49.8176389, 24.0823586 49.8176464)|7,44
segment.891e768994bffff-179FF0497EBB6B24|LINESTRING (24.0464521 49.803141, 24.0464412 49.803298, 24.04645 49.8035758, 24.0464556 49.8038903, 24.0464778 49.8041537)|112,68
segment.881e768967fffff-17DDE5AC4B5E0877|LINESTRING (23.9103846 49.8258106, 23.9106059 49.8258884, 23.9108489 49.8259739, 23.9115223 49.8261949, 23.9115545 49.8262459, 23.9112215 49.826681, 23.9105476 49.8264738, 23.9105235 49.8264393)|209,97
segment.891e768936fffff-179B1F01E144D3AA|LINESTRING (23.9604043 49.8026001, 23.9609199 49.8026117, 23.9609845 49.8026053, 23.9610169 49.8025874, 23.9610361 49.8025506)|49,09
segment.8a1e7689c6f7fff-17D99B6DB8E5F55B|LINESTRING (24.0122197 49.8193585, 24.0117501 49.8195577, 24.0115959 49.8196001, 24.01156 49.8196078, 24.0115248 49.8195958, 24.0114336 49.8195041, 24.0113883 49.8194888, 24.0113424 49.8194989, 24.0111741 49.8195497)|90,51
segment.8a1e768b3307fff-17FBEA526871DD8A|LINESTRING (23.9522822 49.8670894, 23.9521198 49.8671397, 23.9523106 49.8674011, 23.952329 49.8674257, 23.9524793 49.8673818)|59,90
segment.8a1e7689dd5ffff-17FDF52CD54F5515|LINESTRING (24.0352488 49.8328349, 24.0353474 49.8328669, 24.0353957 49.8328786, 24.0354501 49.8328852)|15,59
segment.8a1e76135967fff-17FF1BA6139AC266|LINESTRING (24.0576568 49.7853609, 24.0576583 49.7853418, 24.0576638 49.7850105)|38,97
segment.8a1e76882507fff-17FD4E94073FBD34|LINESTRING (23.9803373 49.8455538, 23.9802911 49.8456359, 23.9802548 49.8457003, 23.9800979 49.8459791)|50,31
segment.891e7688e63ffff-17BF995E815FCD22|LINESTRING (24.0634168 49.8381626, 24.0634467 49.8382099, 24.0632886 49.8384182, 24.0630795 49.8381735)|62,54
segment.8a1e7689118ffff-17BFF886C9108D82|LINESTRING (23.9711801 49.830717, 23.9711903 49.8303349)|42,49
segment.891e7689d8bffff-179FE0C1C34C1DD1|LINESTRING (24.0405259 49.8340643, 24.0404961 49.8340248, 24.0401057 49.8335762, 24.0397144 49.8331258, 24.0396563 49.8330594)|127,98
segment.881e7689bbfffff-17DBFBB782761588|LINESTRING (24.0495705 49.7990329, 24.0499284 49.798848, 24.0500327 49.7987941, 24.0503139 49.7986489, 24.050572 49.7985155, 24.0508882 49.7983485, 24.0511887 49.7981898, 24.0513423 49.7981087, 24.0514027 49.7980734, 24.0514288 49.7980582, 24.0514659 49.7980384, 24.0526944 49.797382)|289,80
segment.8a1e7689c56ffff-179FD7631FE1ADA1|LINESTRING (24.0037064 49.8283331, 24.00366 49.8282989, 24.0034259 49.8281265, 24.0032559 49.8282127)|46,05
segment.891e768900fffff-17FCF42EB4E73A3F|LINESTRING (23.9421895 49.8299887, 23.9426512 49.8294032, 23.9427012 49.8293478, 23.9427938 49.8293469, 23.9429359 49.8293478, 23.9433771 49.8293512, 23.9438559 49.8295035, 23.9438747 49.8295762, 23.943813 49.82993, 23.9437915 49.8300321, 23.9438908 49.8300866, 23.9439216 49.8301385, 23.9438935 49.8301826)|247,02
segment.8a1e761362effff-179BB00CFBC17EA6|LINESTRING (24.0198238 49.7532358, 24.0200734 49.7530733, 24.0202558 49.7526262, 24.0203497 49.7523489)|108,43
segment.8a1e768b25a7fff-1798F7D1522DDE7D|LINESTRING (23.8922154 49.8650139, 23.892288 49.8651647)|17,56
segment.871e76c6cffffff-17B8F6474A37B17C|LINESTRING (23.9433803 49.7970414, 23.9447196 49.7959979)|150,68
segment.8b1e7689cb6cfff-17D9F858722376F4|LINESTRING (24.0235675 49.8381412, 24.0235172 49.8381793, 24.0235557 49.8382013)|9,25
segment.881e761305fffff-17DBE8465189B306|LINESTRING (24.0280429 49.7509921, 24.0315087 49.7516173, 24.0315709 49.7516105, 24.0316419 49.7515906, 24.0316874 49.7515575, 24.0318771 49.7511833)|317,32
segment.881e76d499fffff-179D7E98D2DDBE6B|LINESTRING (23.8896185 49.8626601, 23.888426 49.8624249, 23.8873377 49.8621534)|173,03
segment.891e768928fffff-17DAFCF1C231437C|LINESTRING (23.92012 49.819521, 23.9207238 49.8196078, 23.9208616 49.8192454)|85,87
segment.891e768915bffff-17BDFA4E6AE19D93|LINESTRING (23.9588648 49.8254556, 23.9588568 49.8254046, 23.9588485 49.8253654, 23.9587442 49.8249452)|57,42
segment.8e1e76891180d8f-17FF33F989924523|LINESTRING (23.9693187 49.8310309, 23.9693228 49.8310206)|1,18
segment.891e7613497ffff-17BFF7913DB9C026|LINESTRING (24.023332 49.7860896, 24.0231101 49.7852346)|96,40
segment.891e768952bffff-179DBE03D407756D|LINESTRING (23.9671437 49.8425696, 23.9671591 49.8426278, 23.9671301 49.8426789, 23.9669192 49.843496, 23.966714 49.8441485, 23.9667022 49.8441861, 23.9666378 49.8442629, 23.9665724 49.8445017, 23.966597 49.8445078, 23.9666253 49.8445151)|223,77
segment.8c1e768984349ff-179FFE4C20CC0598|LINESTRING (24.0127999 49.8073399, 24.0128685 49.8073339, 24.0129412 49.8073265)|10,25
segment.871e7689effffff-17BD6135BC123DB7|LINESTRING (23.989246 49.8114955, 23.989217 49.8113807, 23.9892107 49.8113558, 23.989182 49.8112389, 23.9890183 49.8105711, 23.9889985 49.8104984, 23.9889737 49.810393, 23.9889564 49.8103471, 23.98892 49.8102897, 23.9886473 49.8098817, 23.9883356 49.8095312, 23.988118 49.8092837, 23.9880795 49.8092399, 23.9875809 49.8086439, 23.9875319 49.808576, 23.9873931 49.8082953, 23.9872538 49.807883, 23.9869594 49.8067082, 23.9869302 49.8065918, 23.9869017 49.806478, 23.9866708 49.8056115)|687,23
segment.8b1e7689c85bfff-17DBDDF037C9DC28|LINESTRING (24.0126955 49.8358744, 24.0127255 49.8359173, 24.0127588 49.8359319)|8,12
segment.8b1e76880090fff-17DDB1EAE8A3499D|LINESTRING (24.0075837 49.8625604, 24.0080158 49.8624594)|32,95
segment.881e768983fffff-17BBE40FD72945F3|LINESTRING (24.0416102 49.8106118, 24.0414937 49.8103681, 24.041499 49.8103495, 24.0414709 49.8103023, 24.0414374 49.8102941, 24.0413851 49.8102019, 24.0414025 49.8101586, 24.041039 49.8094221, 24.0410364 49.8093814, 24.0410484 49.8093512, 24.0410779 49.8093287, 24.0411423 49.809307, 24.0421358 49.8091106, 24.0421783 49.8091032)|234,70
segment.8b1e768904aafff-17DCEE9BA242F843|LINESTRING (23.9277797 49.8248942, 23.9278223 49.8248101)|9,84
segment.881e7689c7fffff-17BBCF4AE9EC6F4B|LINESTRING (24.0071491 49.8235681, 24.0070138 49.8235986, 24.006963 49.8236134, 24.0069393 49.8236192, 24.0064318 49.8237573, 24.0064077 49.8237988, 24.006393 49.8238707, 24.0064231 49.8240395, 24.0065194 49.8244492, 24.0066211 49.8247002, 24.006902 49.8250902, 24.0069447 49.8251513, 24.0072064 49.8255253)|263,32
segment.881e76c683fffff-17F9B5938B015B74|LINESTRING (23.9694228 49.7718075, 23.9699652 49.7718001, 23.9705209 49.7719525)|82,32
segment.881e7689e3fffff-17FBF71569E35E00|LINESTRING (24.0035318 49.8111063, 24.0031926 49.8107927)|42,52
segment.871e7612effffff-17DF13A1491004AC|LINESTRING (24.1593615 49.7642117, 24.1595632 49.7644806, 24.1596524 49.7647009, 24.1596866 49.7649813, 24.1596612 49.7652111, 24.15959 49.765527, 24.1594875 49.7658468, 24.1594224 49.7659852, 24.1593231 49.766123, 24.1591808 49.7662154, 24.158695 49.7664596, 24.1587283 49.7665997, 24.1588444 49.7668315, 24.1589418 49.7670736, 24.1589718 49.7673556, 24.1589291 49.7674698, 24.1589248 49.7675209, 24.1589148 49.767641, 24.1589988 49.7677742, 24.1591315 49.767877)|444,04
segment.8a1e76891947fff-17FF61AD59B91C58|LINESTRING (23.9749951 49.8414029, 23.9750209 49.8410565, 23.9750209 49.8410158, 23.9749789 49.8409887, 23.9748761 49.8409782, 23.9746736 49.8409578)|69,51
segment.861e7689fffffff-17BFE59C773F0694|LINESTRING (23.9895178 49.8000231, 23.9896878 49.80001, 23.9897859 49.8000006)|19,41
segment.8b1e768984f3fff-17DDB55574C1564F|LINESTRING (24.0159095 49.8038275, 24.0158233 49.8037834, 24.0156007 49.8036304)|31,23
segment.8a1e76892537fff-17989BC2644F7753|LINESTRING (23.9061819 49.8124162, 23.9064163 49.8124278, 23.9066523 49.8124416, 23.9071669 49.8124704, 23.9074898 49.8124738, 23.9077654 49.8124767)|113,88
segment.8c1e768817b15ff-17BDE65B38758F89|LINESTRING (24.0424449 49.8573324, 24.0423269 49.8573444)|8,56
segment.8b1e76891932fff-17BBB1C9E8C7EDB9|LINESTRING (23.9684674 49.8413891, 23.9683834 49.8413868)|6,03
segment.8b1e76880a52fff-179BBC4FE3586140|LINESTRING (24.0252167 49.8694113, 24.0251125 49.8693743)|8,53
segment.8a1e761347affff-1799B29B71896446|LINESTRING (24.0210531 49.7684137, 24.0211832 49.7684113, 24.021326 49.7684087)|19,61
segment.891e7689293ffff-179AF64A923545FF|LINESTRING (23.918103 49.8245673, 23.9180846 49.8246064, 23.91758 49.8257716)|139,07
segment.891e7689193ffff-17FBB7CE5435BA45|LINESTRING (23.9707585 49.8404949, 23.9707786 49.840505, 23.9709559 49.8405171, 23.9709657 49.8405242, 23.9709506 49.8406192, 23.9709263 49.8407726, 23.9709053 49.8409053, 23.9708832 49.8410445, 23.9708618 49.8411791, 23.9708363 49.8413403, 23.9708403 49.8413997)|113,50
segment.881e768a33fffff-17D9C111B4A7696E|LINESTRING (24.0286584 49.897186, 24.0279868 49.8971567, 24.0268148 49.8971645, 24.025765 49.8971921, 24.0257466 49.8968461, 24.0257894 49.8967753, 24.0258626 49.8967124, 24.0259969 49.8966627, 24.0261922 49.8966352, 24.0286716 49.8966313)|466,12
segment.881e7689a9fffff-17BFB5DA49421427|LINESTRING (24.0106757 49.7998786, 24.0104393 49.7998973, 24.0089062 49.800043, 24.0081487 49.8001281)|183,50
segment.871e76898ffffff-179FF17BCF8749DB|LINESTRING (24.0410489 49.8131393, 24.0409253 49.8130243, 24.0399519 49.8126874, 24.0401586 49.812992, 24.040164 49.8130374, 24.0401453 49.8131083)|144,85
segment.8a1e7689e247fff-17FBF2D391E6CC80|LINESTRING (24.0080575 49.8092891, 24.0082867 49.8093568)|18,09
segment.8c1e7689aaa97ff-17BBA739A0A76C5D|LINESTRING (24.0165331 49.7965729, 24.0165273 49.7965466, 24.0165218 49.7965214)|5,78
segment.8c1e76882615dff-17DBEFDB6BF5419F|LINESTRING (23.9938912 49.8401969, 23.9938475 49.8402093, 23.9938059 49.8402211)|6,68
segment.871e76885ffffff-17DBFCF822AD5EAE|LINESTRING (24.0363985 49.8759459, 24.0366502 49.8759808, 24.0388477 49.8762852, 24.0389174 49.8762947, 24.0401986 49.8764688, 24.0405138 49.8765086, 24.0406838 49.8765348)|313,99
segment.8a1e768950effff-17D96119B0EC5D0A|LINESTRING (23.9615595 49.8473749, 23.9616202 49.8477554)|42,53
segment.881e7689cbfffff-179DE8CDCBCA297F|LINESTRING (24.0170333 49.8356194, 24.0170866 49.8356091, 24.017208 49.8355859, 24.0173147 49.8355654)|21,06
segment.8a1e7689e777fff-17B9EE35BCB502BF|LINESTRING (23.9929301 49.8072308, 23.9930697 49.8073065, 23.9934176 49.8074952)|45,70
segment.881e7689cbfffff-17BFB2BABF2391B6|LINESTRING (24.0142512 49.8333763, 24.0144885 49.8331705, 24.0149378 49.8327977, 24.015125 49.8326456)|102,62
segment.881e768b37fffff-17BFF74526259463|LINESTRING (23.9449587 49.8630419, 23.944788 49.8630784, 23.9444098 49.8631364, 23.9441134 49.8630853, 23.9439672 49.8630075)|76,34
segment.891e7688e73ffff-17BABA285300EBA8|LINESTRING (24.0637076 49.8406531, 24.0635594 49.8411147, 24.0635117 49.8412633, 24.0635041 49.8413022)|73,65
segment.8c1e7688a6891ff-17BA534AC3A0293B|LINESTRING (24.0804861 49.8168478, 24.0804186 49.8167907)|7,99
segment.881e768955fffff-17BAFEE2E0D1C806|LINESTRING (23.9471087 49.8463675, 23.9470549 49.8455989, 23.9483042 49.8454458, 23.9485838 49.8453773)|198,18
segment.881e76893bfffff-179FACF7A9A47621|LINESTRING (23.9661713 49.8205775, 23.9662078 49.8207315, 23.966196 49.8207808, 23.9662564 49.8210196, 23.9662845 49.8211321, 23.9669041 49.8213146, 23.9669509 49.8213275, 23.9669776 49.821334)|117,01
segment.891e7689e6bffff-17996425AE06F3B4|LINESTRING (23.9893035 49.8015881, 23.9888008 49.8016386)|36,51
segment.8a1e76120ceffff-17BF79925AF852A6|LINESTRING (24.1031787 49.7915683, 24.1030946 49.7915566, 24.1028398 49.7915792, 24.1021921 49.7916527)|71,85
segment.881e768823fffff-17BD8E4BCCC438D1|LINESTRING (24.005928 49.8463005, 24.0059618 49.8463534, 24.0064179 49.8470659, 24.0065063 49.847204, 24.0065284 49.8472378, 24.0067074 49.8475107)|145,71
segment.8b1e76880294fff-17FBBF252EEF88C5|LINESTRING (24.0197292 49.8599862, 24.0197534 49.8599414, 24.0198138 49.8598318)|18,21
segment.8c1e7689b1431ff-17FFEB3AA9E9A4A7|LINESTRING (24.0443501 49.7948321, 24.0444134 49.7947738)|7,92
segment.881e76893bfffff-17F9ADEE43F3C44B|LINESTRING (23.9647712 49.819253, 23.9649136 49.8193024, 23.9652803 49.8194224, 23.9658272 49.8196014, 23.9662336 49.8197485, 23.9674228 49.8201787, 23.9675685 49.8202294, 23.967655 49.8202595, 23.9680051 49.8203813, 23.9682758 49.8204755, 23.9686057 49.8205902, 23.9689158 49.8206981)|338,02
segment.871e76892ffffff-17DAE4F18EF84740|LINESTRING (23.9365152 49.8163641, 23.9374826 49.8174356, 23.9363042 49.817896)|236,72
segment.891e768856bffff-17FFE7979D341E51|LINESTRING (24.0291095 49.8741194, 24.0298468 49.8738886, 24.0302574 49.8735693, 24.0303353 49.8733942)|125,11
segment.8a1e7689d80ffff-17BFFA79E08D1AC5|LINESTRING (24.0440877 49.8362809, 24.044059 49.8362381)|5,19
segment.8a1e7689c037fff-179BD061366515A0|LINESTRING (24.0070585 49.8299923, 24.0072333 49.8300706, 24.0072186 49.8300832, 24.0072626 49.8301063)|21,09
segment.891e76126cbffff-17FAD216E6CAC2EF|LINESTRING (24.0593533 49.7911933, 24.0594453 49.7912413, 24.0596555 49.7912716, 24.0597533 49.7913166, 24.0598983 49.7913832, 24.0600374 49.7914513, 24.0603046 49.7915822, 24.0606782 49.7917058, 24.0610845 49.7917239, 24.0611962 49.7917914, 24.0612433 49.7918345)|158,18
segment.881e7689d9fffff-17F9ED1DB0D195B7|LINESTRING (24.0454748 49.8375563, 24.0453029 49.8373507, 24.0448532 49.8368127, 24.044844 49.8368024, 24.0448339 49.8367911)|96,71
segment.881e7689ddfffff-179FD3E1BFE015FF|LINESTRING (24.0345356 49.832565, 24.0347209 49.8325375, 24.0349521 49.8325035, 24.0350197 49.8324936, 24.0351018 49.8324816)|41,66
segment.8a1e7689db2ffff-179FFFE207B9D2CB|LINESTRING (24.0527944 49.8366496, 24.0528114 49.8367919, 24.0529169 49.8370142)|41,72
segment.8a1e76890427fff-17D8D122CC708B35|LINESTRING (23.9290992 49.8285896, 23.9290833 49.8282879, 23.9290515 49.8279325, 23.9290133 49.8279134, 23.9285251 49.8279221, 23.9285016 49.8279498, 23.9284915 49.8282836, 23.928515 49.828301)|154,85
segment.881e76883bfffff-17DFD5A72C65D332|LINESTRING (24.0359241 49.8531346, 24.0351644 49.8530525)|55,22
segment.891e7688333ffff-179DFCF76F1DE2D8|LINESTRING (24.0388429 49.8466185, 24.0382367 49.8466842)|44,08
segment.891e768836bffff-17FFF3D39B8A2FE3|LINESTRING (24.0280518 49.837373, 24.0280674 49.8373563, 24.0283823 49.8370203, 24.0284332 49.836966)|52,88
segment.8a1e7612644ffff-17DEFF6AAC754CA7|LINESTRING (24.0719576 49.7857873, 24.0726652 49.7856844)|52,07
segment.891e76d49d7ffff-179BDB5CF7E2A719|LINESTRING (23.8804521 49.8581947, 23.8807412 49.8580414)|26,83
segment.871e76883ffffff-179FD3BE0AE4C573|LINESTRING (24.0353067 49.8480408, 24.0352421 49.8479285, 24.0348793 49.8476113, 24.0347367 49.8474867, 24.0347004 49.8474416, 24.0345786 49.8472903, 24.034167 49.8470119)|141,74
segment.8b1e76883676fff-17B9CDEF9122DA8B|LINESTRING (24.0323266 49.8395427, 24.0324399 49.8395133)|8,76
segment.891e7689a33ffff-179BE741342D459F|LINESTRING (24.016916 49.7929647, 24.0163483 49.7926772, 24.0161629 49.7925834)|68,70
segment.8a1e7613641ffff-17D9701F0FA5FF81|LINESTRING (23.993545 49.7520589, 23.9943686 49.7521746)|60,55
segment.8c1e76899d56bff-17D9F531291F68E9|LINESTRING (24.048385 49.8150123, 24.0485401 49.815044)|11,67
segment.871e7688effffff-179E700B4EFCDD50|LINESTRING (24.0607268 49.8398411, 24.0601303 49.8401915, 24.0594156 49.8406113, 24.0591708 49.8407127, 24.0585742 49.8408905, 24.0581282 49.8410234)|230,41
segment.8a1e7688226ffff-179D9BDDC98D59AB|LINESTRING (24.0119396 49.8463771, 24.0118239 49.8461094, 24.01181 49.8460773)|34,61
segment.8b1e76883456fff-17FFB094C42BB277|LINESTRING (24.0203443 49.8417588, 24.0203587 49.8417177, 24.0203688 49.8416817, 24.020374 49.8416655)|10,59
segment.891e768b407ffff-17FAFF3EBE1CADC1|LINESTRING (23.9154061 49.9056253, 23.9150448 49.9050861, 23.9145033 49.9042782)|163,15
segment.891e7688a3bffff-179E4E811854A049|LINESTRING (24.0852141 49.8253037, 24.0852729 49.8253589, 24.0850412 49.8254787, 24.0848856 49.825567, 24.0848427 49.8255722, 24.0848105 49.8256293, 24.0851372 49.8256779, 24.0852053 49.8256875, 24.08524 49.8256924)|85,10
segment.8a1e768b335ffff-17B9987727B3AC4D|LINESTRING (23.957904 49.8664647, 23.958202 49.8662216)|34,45
segment.881e768b19fffff-17FBD8AA73F9C2A6|LINESTRING (23.9575907 49.8946043, 23.9576228 49.8941092, 23.9576872 49.8939572, 23.9578159 49.8939088, 23.9587279 49.8937775, 23.9588459 49.8933835)|194,85
segment.8b1e76899db3fff-17FBE43503072EC5|LINESTRING (24.041678 49.8133781, 24.0415939 49.8131625, 24.0412448 49.8131463)|49,83
segment.891e76125b7ffff-17FBD904E03CBB9F|LINESTRING (24.1415123 49.8160009, 24.1415583 49.8159769, 24.1420489 49.8157207)|49,53
segment.8b1e76134945fff-179BF8C0764B3674|LINESTRING (24.0236179 49.7856293, 24.0237946 49.7856052)|12,97
segment.8e1e7688e630607-17FF787FFFEE28A4|LINESTRING (24.0629345 49.8386372, 24.0629148 49.8386216)|2,24
segment.891e7689ddbffff-17DBFC2BE8299703|LINESTRING (24.0252759 49.8318445, 24.0252445 49.8316803, 24.0250238 49.8311986, 24.0248522 49.8310356)|96,16
segment.891e76c65a3ffff-17FFB839B7078BF8|LINESTRING (23.8988496 49.8203086, 23.899095 49.8204439)|23,16
segment.891e7688433ffff-17D9DC67A00516BC|LINESTRING (24.0062117 49.8826415, 24.0059295 49.882672, 24.0057333 49.8826369, 24.0055642 49.8826369, 24.0053461 49.8826439, 24.0052316 49.8827142, 24.0051826 49.8827985, 24.0051826 49.8829074, 24.0052044 49.8830163, 24.0053243 49.8830831, 24.0054661 49.8831463, 24.0055923 49.8832163)|144,15
segment.891e7688107ffff-17DFFC45E7E5F0F9|LINESTRING (24.0514409 49.8640229, 24.051285 49.8638994)|17,70
segment.891e7689387ffff-179FDB7958F5BA54|LINESTRING (23.9599956 49.8209669, 23.9590345 49.8211295, 23.9590102 49.8211392, 23.9589621 49.8211892, 23.95895 49.8212541, 23.9591297 49.8219422)|164,73
segment.881e768b39fffff-17FDFC8BCF7003CE|LINESTRING (23.9403301 49.8774169, 23.9401044 49.8761092, 23.9400991 49.8761005, 23.9400879 49.8760947, 23.9400736 49.8760933, 23.9398438 49.8761098, 23.9398304 49.8761132, 23.9398213 49.8761204, 23.9398192 49.8761296, 23.9399876 49.8771062, 23.9400168 49.8772756, 23.9400723 49.877441)|316,11
segment.8a1e76895ad7fff-17D934F0C204F9E9|LINESTRING (23.9699558 49.850654, 23.9695776 49.8506082, 23.9694764 49.8506044)|34,86
segment.891e768822fffff-17D9DC1B92F4099C|LINESTRING (24.0054165 49.8425179, 24.0054178 49.8425661, 24.0054193 49.8426229, 24.0054219 49.842713, 24.0054236 49.8427871)|29,94
segment.8b1e76891448fff-17B977A3EBF402EE|LINESTRING (23.970821 49.8254756, 23.9708221 49.8254267, 23.9708231 49.8253413)|14,93
segment.891e7689143ffff-17DF35F65964DE81|LINESTRING (23.9632368 49.8258411, 23.9637699 49.8258987, 23.9639255 49.8259185)|50,15
segment.871e7689bffffff-17FBF135B3D349E3|LINESTRING (24.0403643 49.7963025, 24.0403774 49.7963625, 24.0404197 49.7964973, 24.0403926 49.7965424, 24.040299 49.7966698, 24.0402305 49.7967761, 24.0400885 49.7968094, 24.0400028 49.7968417)|73,86
segment.8a1e768b3777fff-179FFA689DA97F15|LINESTRING (23.9453713 49.8635532, 23.9460292 49.8634145, 23.946112 49.863397)|55,86
segment.8a1e76893337fff-17FBA671DA2A7422|LINESTRING (23.9635315 49.8136862, 23.9636951 49.8135177, 23.9638681 49.8133396, 23.9640263 49.8131767)|66,86
segment.8a1e7689cc8ffff-179F75E01158CC15|LINESTRING (23.9965093 49.8295471, 23.9961181 49.829327)|37,23
segment.8b1e7689ab6afff-17DBB0DAF1992F8D|LINESTRING (24.0205881 49.8015351, 24.0203557 49.8014717)|18,11
segment.8a1e7688e6effff-179B75D14CED1DD2|LINESTRING (24.0683153 49.8360252, 24.0683393 49.836097, 24.0683961 49.8362674, 24.0684606 49.836375)|40,38
segment.8c1e761231311ff-179FBBCE4DA8CF52|LINESTRING (24.1231713 49.7750043, 24.1233512 49.7749466)|14,42
segment.891e76893afffff-179FEF7FBFC685A7|LINESTRING (23.9669564 49.8159905, 23.9670517 49.8159265, 23.9672019 49.8158469, 23.9673655 49.8157629, 23.9674376 49.8157281, 23.9675707 49.8156677, 23.9676106 49.8156473, 23.9677839 49.8155561, 23.9678118 49.8155519, 23.967922 49.8155353, 23.9680461 49.8155219)|95,85
segment.8a1e76895737fff-17DB75726C835A91|LINESTRING (23.9567655 49.8446811, 23.9568677 49.8447728)|12,56
segment.891e7689667ffff-17B9A987AF96C500|LINESTRING (23.9119779 49.8245968, 23.9125212 49.8247545, 23.9132489 49.8249728)|100,31
segment.8a1e76898baffff-17DDFCE813E4ABE4|LINESTRING (24.0317424 49.8167701, 24.0321809 49.8169073)|34,96
segment.891e7689907ffff-17DB20FF0458F0B3|LINESTRING (24.0664238 49.809193, 24.0663857 49.8101385)|105,17
segment.891e768aa33ffff-17FBF3BB6577D697|LINESTRING (24.0745627 49.8827346, 24.0735953 49.8829868)|74,77
segment.8b1e7689c409fff-17FDB2F9AA8F45E7|LINESTRING (24.0016189 49.8245075, 24.0017399 49.8244787)|9,25
segment.8a1e76883137fff-17FBFA3FFFA1CC37|LINESTRING (24.024313 49.8505528, 24.0243146 49.8504801, 24.0243358 49.8503998)|17,14
segment.8a1e7689628ffff-17BCF369CB1D0411|LINESTRING (23.9171683 49.82685, 23.9171164 49.8268515, 23.9163019 49.8268584, 23.9162484 49.8268436, 23.9162377 49.8267442)|77,41
segment.891e768b227ffff-17BAC6AFB527F1B8|LINESTRING (23.9251408 49.8656096, 23.924607 49.8656511, 23.924481 49.8658102, 23.924363 49.8659381, 23.9243683 49.8660626, 23.9243925 49.8664343, 23.9242907 49.8666692)|157,28
segment.871e76898ffffff-17BFDA9FB2AA9D43|LINESTRING (24.0364289 49.8126993, 24.0365003 49.8126747, 24.0373709 49.8123704, 24.0373985 49.8123607, 24.0379062 49.8121852, 24.0383649 49.8120317, 24.0386669 49.8119277, 24.0387331 49.8119049)|187,46
segment.881e76893dfffff-179BF0DD06B83043|LINESTRING (23.9421131 49.8122323, 23.9423311 49.8126675, 23.9423525 49.8127384, 23.9423257 49.8128129, 23.9416739 49.8132611, 23.940998 49.8137025)|204,74
segment.8b1e76882cd9fff-179978598881E999|LINESTRING (23.9842331 49.8474033, 23.9842138 49.8474799, 23.9842007 49.8474964)|10,69
segment.871e76898ffffff-17FFFEBC7AF9A8DC|LINESTRING (24.0370948 49.8134062, 24.0371774 49.8133644, 24.0373155 49.8133062, 24.0381881 49.8129873, 24.0387148 49.8127949, 24.0392738 49.8126019, 24.0399055 49.812372, 24.040583 49.8121432, 24.0411073 49.8119595, 24.04131 49.8118882, 24.041447 49.811841)|357,66
segment.871e76c65ffffff-17DDF64CAF6905C7|LINESTRING (23.8921218 49.8232778, 23.8911377 49.8227179)|94,13
segment.8a1e76c6584ffff-179C74BF2E0C63BF|LINESTRING (23.8911377 49.8227179, 23.8908498 49.8226846)|20,98
segment.8a1e76899a47fff-17FB78303547855A|LINESTRING (24.0759651 49.8150245, 24.0758434 49.8150601)|9,59
segment.8a1e7689134ffff-17BF68604870FA2E|LINESTRING (23.9905718 49.8299828, 23.9907861 49.8299224, 23.9909973 49.8298656)|33,19
segment.891e7688223ffff-17DFF1764F611E1E|LINESTRING (24.0076883 49.8456273, 24.0076398 49.8455616, 24.0075992 49.8455107, 24.0075359 49.8454334)|24,18
segment.881e768a31fffff-17F9A9A035BF9105|LINESTRING (24.0176362 49.9023948, 24.0173851 49.9026131)|30,21
segment.861e76887ffffff-17BBED76F28A65AA|LINESTRING (24.0361723 49.8567194, 24.0355162 49.8568592, 24.0351627 49.8568867, 24.0345718 49.8568162, 24.0337497 49.8567109, 24.0329808 49.8566297, 24.0327507 49.8566038, 24.0324652 49.8565727, 24.0320672 49.8565031, 24.0318346 49.8564617, 24.0309288 49.8562153, 24.0308953 49.8562062, 24.0299364 49.855889, 24.0291355 49.8555619, 24.0283148 49.8552353)|605,90
segment.8b1e7689c544fff-17FBA19AE9C7EB1D|LINESTRING (24.0011753 49.8277039, 24.0010611 49.8277797)|11,75
segment.8a1e7689878ffff-17BBFA590738A8BF|LINESTRING (24.0235919 49.8027516, 24.0239433 49.8027535, 24.0242187 49.8028687, 24.0247797 49.8028572, 24.0248268 49.8033362)|142,42
segment.891e7688a0fffff-17BF6429CDE74400|LINESTRING (24.0809456 49.8245565, 24.0806832 49.8242167, 24.0806725 49.8242033)|43,89
segment.8a1e761222cffff-17DED76BE2F30A13|LINESTRING (24.1084816 49.7671886, 24.1082348 49.7669884)|28,46
segment.8a1e76898c9ffff-17DDBA8553C7B929|LINESTRING (24.0111814 49.8101945, 24.0111431 49.8102581, 24.0112431 49.810284, 24.0112705 49.8102911, 24.0112993 49.8102985, 24.011367 49.810316, 24.0115075 49.8103523, 24.0115599 49.8103659)|39,81
segment.891e76882cbffff-179FDBF2B60CCAF2|LINESTRING (23.9793909 49.8481637, 23.9788896 49.8480364)|38,63
segment.861e768afffffff-17DE714E3EFDB9A4|LINESTRING (24.0976068 49.9067045, 24.0979742 49.9066583, 24.0982395 49.906625, 24.0985503 49.9065859, 24.0988647 49.9065464, 24.0992107 49.9065029, 24.0994143 49.9064773, 24.0995756 49.906512, 24.1004607 49.9074034, 24.1001791 49.9074379, 24.1000932 49.9074172, 24.0997907 49.9074323, 24.0994552 49.9074491, 24.0992993 49.9074569, 24.0988192 49.9074327, 24.0987307 49.9073576)|390,80
segment.881e768891fffff-17DAE34E62A1F88D|LINESTRING (24.132805 49.844355, 24.1329123 49.8451035, 24.1329898 49.8454294)|120,25
segment.871e76899ffffff-17BDFD2C6466D6EE|LINESTRING (24.0529989 49.8156629, 24.0530614 49.8155305, 24.0530472 49.8151303, 24.053009 49.8150634, 24.0529503 49.815003, 24.0526203 49.8149179, 24.0522921 49.8148347, 24.0519604 49.8147693, 24.0518246 49.8147515, 24.051682 49.8147405, 24.0514939 49.8147305, 24.0513093 49.8147361, 24.0510446 49.8147571, 24.050803 49.8148119, 24.0505808 49.8148892, 24.0500049 49.8152868)|314,63
segment.891e7688497ffff-17DDF5D643DE6A76|LINESTRING (23.9965412 49.8932323, 23.9963008 49.8932306, 23.9960548 49.8932273)|34,85
segment.891e7689e9bffff-17FB596FAE4C08F4|LINESTRING (23.9848319 49.8195259, 23.9846022 49.8192939, 23.9844981 49.8191888)|44,48
segment.891e7689b53ffff-17FFF5924BF30985|LINESTRING (24.0281737 49.7904358, 24.0297406 49.7901312)|117,47
segment.8b1e7689c730fff-17FDD04477C9B837|LINESTRING (24.007303 49.8250417, 24.0069447 49.8251513)|28,45
segment.891e768921bffff-17B9F2B2C69F3295|LINESTRING (23.9168494 49.8147324, 23.9165698 49.8146605, 23.91597 49.8138726)|119,21
segment.881e768919fffff-17FB7A971866A2E2|LINESTRING (23.9743563 49.8388853, 23.9741772 49.8388718, 23.9738661 49.8388483, 23.973664 49.8388331, 23.9735055 49.8388162, 23.9733609 49.8388008, 23.9732644 49.8387783, 23.9731919 49.8387351, 23.9731007 49.8386486, 23.9730149 49.8386209, 23.9728013 49.8386093, 23.9718558 49.8385578, 23.971699 49.8385455, 23.9715538 49.8385341, 23.9711583 49.8385031, 23.9704134 49.8384446, 23.9702802 49.8384136, 23.9698181 49.8383775, 23.9696815 49.8383673)|345,99
segment.891e768836fffff-17DFD024A54E0BA4|LINESTRING (24.0336019 49.8370233, 24.0335404 49.8371113, 24.0333961 49.8373408, 24.0332885 49.8375268, 24.0331731 49.8377203, 24.0330481 49.8379349, 24.0329727 49.8380347)|121,23
segment.8a1e7689e2cffff-17F9D11158296584|LINESTRING (24.007366 49.8065209, 24.0075374 49.8063617)|21,56
segment.8a1e7689cb8ffff-17BDE5E74A2877B5|LINESTRING (24.0159796 49.834106, 24.0159924 49.8342871)|20,16
segment.891e768b387ffff-17BAFBE12E6CC52D|LINESTRING (23.9464198 49.8752518, 23.9463531 49.8750417, 23.9463182 49.8748947, 23.9462833 49.8747547, 23.9462994 49.8747115, 23.9462672 49.8745542, 23.9462967 49.8744401, 23.9463826 49.8744056, 23.9465328 49.8743502)|111,25
segment.881e768895fffff-17BEDFB6AF6906AF|LINESTRING (24.1195436 49.8392833, 24.1194387 49.8392582, 24.1191289 49.8391994, 24.1187848 49.8391582, 24.117066 49.8390214)|180,48
segment.881e7688a9fffff-17BF703889190950|LINESTRING (24.0709307 49.8338894, 24.0722877 49.8337491, 24.0732325 49.8335161, 24.0738601 49.8333228, 24.0739294 49.833262, 24.0739587 49.8331861, 24.0740509 49.8328502)|276,02
segment.8a1e768989a7fff-17F9EB63D38D9549|LINESTRING (24.0179883 49.8204988, 24.0184782 49.8203132)|40,76
segment.8a1e76898adffff-17BDDAAAE9E75207|LINESTRING (24.0377099 49.8126407, 24.0375226 49.8124249, 24.0374857 49.8123842)|32,75
segment.8d1e768952f267f-17DB384F91EC0CC3|LINESTRING (23.9711168 49.8436781, 23.971077 49.8436534)|3,96
segment.8a1e7688614ffff-17BDD12184CF3765|LINESTRING (23.981198 49.8687644, 23.9813284 49.8692851)|58,65
segment.8a1e76891627fff-17997478F6536FBE|LINESTRING (23.9763555 49.8242435, 23.9758011 49.8243722)|42,27
segment.891e7688373ffff-17DFC0B7BE1F85D7|LINESTRING (24.0266758 49.8421906, 24.0267814 49.8422123, 24.0268954 49.8422355, 24.0272625 49.84231)|44,12
segment.891e7689d13ffff-17FFF29DB779028B|LINESTRING (24.040734 49.8300962, 24.0409738 49.8303655)|34,53
segment.871e7688effffff-17BE3CD86802C33F|LINESTRING (24.0702563 49.8379115, 24.0702483 49.8376728, 24.0704037 49.8376594, 24.070438 49.8376512, 24.0704636 49.8376343, 24.0704756 49.837612, 24.070478 49.8375984, 24.0704828 49.8375855, 24.0704923 49.8375738, 24.070506 49.8375639, 24.0705187 49.8375567, 24.0705377 49.8375487, 24.0705594 49.8375442, 24.0705821 49.8375437, 24.0709325 49.8375651, 24.0709748 49.8375692, 24.0710256 49.8375775, 24.0710913 49.8375918, 24.0714285 49.8376832, 24.0719488 49.8378302, 24.0722975 49.8379271, 24.0724906 49.8379946)|204,70
segment.8b1e768958d3fff-17DF97B3803C1BDC|LINESTRING (23.9576108 49.8535359, 23.9578691 49.8535473)|18,56
segment.891e768aa6bffff-17BBF106E64077D9|LINESTRING (24.065761 49.8715757, 24.0670738 49.8725904)|146,91
segment.871e768b5ffffff-17FCFBEF22312299|LINESTRING (23.9496323 49.9136069, 23.9496213 49.9136081, 23.9458488 49.9140203, 23.9444232 49.9142659, 23.9434346 49.9144707, 23.9431214 49.9145356)|478,36
segment.8b1e76891d2cfff-17DB604238E4EDB8|LINESTRING (23.9612071 49.8374202, 23.961283 49.837621)|22,98
segment.8b1e7688301efff-17FFD2AF563F3286|LINESTRING (24.0277747 49.8462259, 24.027775 49.8461607)|7,25
segment.8a1e768812d7fff-179EF07188EC60F4|LINESTRING (24.0591447 49.8582283, 24.0600269 49.8580306, 24.0600977 49.8579922)|73,59
segment.8a1e768822a7fff-17B9F48625B6B8D9|LINESTRING (24.002583 49.8440646, 24.0025909 49.8440985, 24.002633 49.8442784, 24.0020143 49.8443388, 24.0019693 49.844157, 24.0019621 49.8441281)|92,64
segment.8d1e7689cc62cff-179BE1DC50271F44|LINESTRING (24.0012034 49.8333411, 24.0012423 49.833332)|2,97
segment.8b1e76898852fff-179DBFCE3EDBEA56|LINESTRING (24.0265404 49.8179257, 24.0266042 49.817754, 24.0266597 49.8176511)|31,75
segment.891e768ab0bffff-17FBEB2F2D3AA947|LINESTRING (24.0972783 49.877636, 24.0965699 49.8776666, 24.0965611 49.8776702, 24.0965539 49.8776807, 24.0966459 49.8781313)|103,43
segment.871e76c69ffffff-17F970427714DE54|LINESTRING (23.9911455 49.7759952, 23.9917352 49.7758556, 23.9924107 49.7756951, 23.9930111 49.7755381, 23.9936277 49.7753915, 23.9943085 49.7752449, 23.9949486 49.7751157, 23.9956227 49.7749968, 23.9962378 49.7749195, 23.9969065 49.7748318)|434,35
segment.891e768f00fffff-17BF353D0E9CBACC|LINESTRING (24.1729344 49.8751313, 24.1730657 49.8760304)|100,42
segment.8a1e768834effff-179BF1B46EDE23C6|LINESTRING (24.0208236 49.8401617, 24.0209084 49.8402247, 24.0207689 49.8403467, 24.0207649 49.8405046)|43,69
segment.8a1e76893baffff-17DD75496C1A68EF|LINESTRING (23.9632982 49.8191944, 23.9633891 49.8192285, 23.9632557 49.8193795, 23.9631745 49.8193926)|32,88
segment.871e76122ffffff-17DA73D5E7CC3ED2|LINESTRING (24.0887932 49.7763359, 24.0866249 49.7771268, 24.086048 49.777336, 24.0856805 49.7775213)|259,81
segment.8e1e7689d46ab37-17B9E03AB07B6E7B|LINESTRING (24.039883 49.8241955, 24.0398696 49.8241945)|0,97
segment.8a1e76882c8ffff-17BBCFAE3461308F|LINESTRING (23.9807524 49.8480096, 23.9807309 49.8480563, 23.9807095 49.8480771, 23.9806759 49.8481082, 23.9806558 49.848148, 23.9806558 49.8481826, 23.9805622 49.8481653)|27,89
segment.8a1e761368cffff-17FDDC5469150DDA|LINESTRING (24.0058549 49.762367, 24.0057882 49.7622717, 24.0051255 49.7621969)|59,95
segment.8b1e7688046cfff-17FF91CE00A24B3D|LINESTRING (24.0078055 49.8616851, 24.0077016 49.8618814)|23,06
segment.881e768891fffff-17FEBBCCE8212B7B|LINESTRING (24.1309162 49.843268, 24.1306962 49.843313, 24.1305976 49.8433357, 24.1287101 49.8437705)|167,78
segment.8b1e7688332cfff-17BDFE864F35E1FF|LINESTRING (24.0391271 49.8481447, 24.0391955 49.8481473, 24.0392276 49.8481586)|7,54
segment.8d1e7689d5349bf-17BFF621407172C7|LINESTRING (24.0291632 49.827478, 24.0292088 49.8274818)|3,30
segment.891e768953bffff-17BBB983405560B2|LINESTRING (23.9655305 49.8452556, 23.9645636 49.8453014, 23.9645666 49.8453247)|72,12
segment.891e761365bffff-17F9E5FBD5B02BAC|LINESTRING (23.9904924 49.7524893, 23.9891166 49.7522815)|101,51
segment.881e76898bfffff-17D9EF99A177BDD8|LINESTRING (24.0332907 49.814758, 24.0331913 49.8148701, 24.0328402 49.8152745)|65,90
segment.891e7689b27ffff-17DEE96BEE0E5F0F|LINESTRING (24.0562152 49.7892111, 24.0562086 49.7895477, 24.0562094 49.7896078, 24.056204 49.7900055, 24.0562026 49.7900817, 24.0562398 49.7901542, 24.0563662 49.7901856, 24.0566692 49.7901852, 24.0568725 49.790185, 24.0570379 49.7901845, 24.0572187 49.7901839, 24.0574752 49.7903214, 24.0574966 49.790432, 24.0578035 49.7904354)|234,59
segment.891e768d65bffff-17FBF2A9C31AE158|LINESTRING (24.1329243 49.8196573, 24.132793 49.8198201, 24.1327175 49.8201458, 24.1324286 49.8219647)|260,34
segment.891e7613497ffff-17DBB9A6787D09C1|LINESTRING (24.0242614 49.7856408, 24.0242207 49.7856466, 24.0243577 49.7856627, 24.0244192 49.785901, 24.0244292 49.7859409, 24.0234569 49.7860394)|115,00
segment.8a1e768a822ffff-17FEFDEE74B1BC8E|LINESTRING (24.0987844 49.8971633, 24.0984035 49.8971805, 24.0970506 49.8972391)|124,47
segment.8b1e7689b828fff-17FFE2DFF6DB0541|LINESTRING (24.0411627 49.8012327, 24.0409036 49.8011549, 24.0407717 49.8010608)|34,62
segment.871e76124ffffff-179F6C2396BB557E|LINESTRING (24.095555 49.8138537, 24.0959666 49.8138991, 24.0974057 49.8140787, 24.0979421 49.8141964, 24.098264 49.8142587, 24.0983536 49.8142713, 24.0985107 49.8142933, 24.0986449 49.8143279, 24.0988019 49.8143567)|240,09
segment.891e7688203ffff-17D972C805AB93BF|LINESTRING (23.9946983 49.8484641, 23.9947455 49.8484309, 23.9953476 49.8479309, 23.9953953 49.847899)|80,33
segment.8a1e76d49037fff-17F86D01F7F1768F|LINESTRING (23.8875779 49.8523093, 23.8878887 49.8520727, 23.888069 49.8519328)|54,70
segment.8d1e7689325d1bf-17DBFE77462B6B7B|LINESTRING (23.9735904 49.8094955, 23.9736325 49.8094922, 23.9736278 49.8094697)|5,57
segment.8a1e76893b0ffff-17BB6A58972C830E|LINESTRING (23.9654687 49.820311, 23.9654085 49.8202038, 23.9653911 49.8201095, 23.9653866 49.8200851, 23.9653714 49.8200032, 23.9653376 49.8199045, 23.9652692 49.8198209)|56,89
segment.881e76898bfffff-17DFF587AFD7210E|LINESTRING (24.0359804 49.813217, 24.0354991 49.8133738, 24.0350062 49.8135275)|77,97
segment.8a1e768b60e7fff-17DEFADA728E22BE|LINESTRING (23.8931832 49.8859416, 23.8938069 49.8858305)|46,36
segment.891e76d4917ffff-17D873C6C104CE3A|LINESTRING (23.8899372 49.8540432, 23.8907344 49.8533836, 23.8912654 49.8529781)|151,99
segment.891e7688053ffff-179F7C20CF1A7123|LINESTRING (23.9987869 49.8626593, 23.9989627 49.8621636)|56,54
segment.881e768a83fffff-17DBF5B1FFEFD994|LINESTRING (24.1014919 49.8971254, 24.1013801 49.8969198, 24.1012943 49.8967124, 24.1012031 49.896353, 24.1010052 49.895526, 24.1008282 49.8948452, 24.1007584 49.8946344)|282,35
segment.8c1e768834b09ff-179BFF5CE3DD63B8|LINESTRING (24.0132755 49.8405323, 24.0133385 49.8404769)|7,64
segment.891e76125abffff-17DFF04C7BF83F9C|LINESTRING (24.1388955 49.8104406, 24.1388354 49.8104539, 24.1384773 49.8105329, 24.1383889 49.8105789, 24.1382111 49.8106057, 24.1379557 49.8106077, 24.1378535 49.8105816, 24.1378301 49.810502, 24.1376754 49.8102145)|122,03
segment.881e7689b3fffff-17DE3C45BA5F6E75|LINESTRING (24.0579135 49.7879629, 24.0579159 49.7880529, 24.0579175 49.7884281)|51,73
segment.891e7689447ffff-17B8B5DE8D4C1990|LINESTRING (23.9173141 49.8452734, 23.9174965 49.8452181, 23.9177701 49.8452111, 23.9179793 49.8452578, 23.9181161 49.8453599, 23.9181349 49.845455, 23.918092 49.8455605, 23.9179283 49.845666, 23.9177433 49.8457491, 23.9176065 49.8457992, 23.9174965 49.8458061, 23.9173436 49.8457612, 23.9172739 49.8456418, 23.9172175 49.8455242, 23.9172202 49.8454049, 23.9172444 49.845327)|201,74
segment.891e7699b0bffff-1799FC07CD9B378E|LINESTRING (23.9248986 49.9209168, 23.9263539 49.9206158, 23.9281456 49.9203423, 23.92822 49.9203468, 23.9282827 49.9203811, 23.9284632 49.9206547)|285,56
segment.8a1e7688082ffff-17BBFCF2910B2B2C|LINESTRING (24.0124621 49.8743302, 24.0124111 49.8742574, 24.012172 49.8739313)|48,99
segment.8b1e7689b889fff-17DBDEB71901C086|LINESTRING (24.0393034 49.7976233, 24.0392088 49.7976255)|6,79
segment.8a1e76883497fff-17BFFDF67D833845|LINESTRING (24.0126405 49.8392455, 24.0128265 49.8394692)|28,23
segment.891e7689917ffff-179B36CCAD7A7A6C|LINESTRING (24.0606934 49.8126864, 24.0609028 49.8127301, 24.0612595 49.8127915, 24.0614205 49.812811, 24.0616626 49.8128074, 24.0618984 49.8127947, 24.0620194 49.8128039, 24.0626631 49.8129216, 24.062689 49.8129262, 24.0637601 49.8131172)|226,80
segment.881e768a31fffff-1799AB664D7DB0B0|LINESTRING (24.018103 49.9003377, 24.0183714 49.9006511)|39,80
segment.891e7689923ffff-17FEF119978C01C3|LINESTRING (24.0719798 49.8075217, 24.0720914 49.807519, 24.0722866 49.8075119, 24.0728 49.8074933, 24.0733363 49.8074727, 24.0737445 49.8074948, 24.0739371 49.8075052, 24.0740215 49.8075117)|146,86
segment.8a1e76891967fff-179BC21DACD47849|LINESTRING (23.9754964 49.8423509, 23.9753623 49.8423454, 23.9747296 49.8423196)|55,10
segment.8b1e76134808fff-17BFB5504787245A|LINESTRING (24.0223741 49.7823772, 24.0222219 49.7824675)|14,84
segment.881e76892bfffff-17FCF6D984BD60B9|LINESTRING (23.9303778 49.82015, 23.9304341 49.8199977, 23.9310189 49.8200721, 23.9311463 49.8201509, 23.931216 49.8203023, 23.9313018 49.8205974, 23.9315218 49.8207271, 23.9316237 49.82094, 23.9313582 49.82155, 23.9312206 49.8215966)|251,54
segment.8d1e76881ad233f-17FE0BC798D32A4B|LINESTRING (24.0576996 49.8658188, 24.0577293 49.8658611)|5,16
segment.891e7688617ffff-17DFF1B018C6DBDC|LINESTRING (23.9809519 49.8705878, 23.9814645 49.870111, 23.9820589 49.8696824)|128,42
segment.8b1e76c6d62bfff-17BB730CAF51D6DB|LINESTRING (23.97551 49.7874475, 23.9754807 49.7871682)|31,13
segment.891e768d41bffff-179FC74A5901DA5A|LINESTRING (24.1598572 49.8423686, 24.1604161 49.8424039, 24.1609744 49.8424162, 24.1611058 49.8423954, 24.1613096 49.8422812, 24.1615888 49.8422261)|130,33
segment.871e7689affffff-17BDE6542000E01C|LINESTRING (24.003 49.7972168, 24.0031059 49.7979076)|77,19
segment.8b1e76899d30fff-17BBF9BFDBC1DF5B|LINESTRING (24.0437075 49.816026, 24.0438058 49.8162562, 24.0438462 49.816342)|36,52
segment.8a1e76136327fff-17DF9FF686ADF92E|LINESTRING (24.0137356 49.7587989, 24.0134484 49.7582676, 24.0133134 49.7582942)|72,71
segment.861e76887ffffff-17B9E7C00C918B9D|LINESTRING (24.0307198 49.8600126, 24.0306931 49.8600437, 24.0290245 49.8619716, 24.028978 49.8620225)|256,00
segment.891e768866bffff-17F9EAC365FBDED1|LINESTRING (23.9787474 49.8570161, 23.9786122 49.8567716, 23.9785652 49.856678)|39,80
segment.881e76898bfffff-17DBF6522A773AD4|LINESTRING (24.0357396 49.8193516, 24.0357281 49.8194996, 24.0357892 49.8197461, 24.0360046 49.8200193)|78,32
segment.8a1e768b2bb7fff-17DCF79D6CC70AB8|LINESTRING (23.9115638 49.8739305, 23.9120949 49.8744353)|67,82
segment.8b1e76883713fff-179BBFA80654F4DF|LINESTRING (24.0265176 49.8410858, 24.0265511 49.841127)|5,17
segment.871e768b5ffffff-17DEF5D79571818C|LINESTRING (23.9420642 49.9012973, 23.9422254 49.9012503, 23.9431509 49.9009801, 23.9439346 49.9006551, 23.9448336 49.9002487, 23.9450242 49.9001625, 23.9456298 49.899865)|302,10
segment.891e7689963ffff-17DE53C833465FE8|LINESTRING (24.0600152 49.802923, 24.0611267 49.8024464, 24.0614909 49.8022902, 24.0619667 49.8020762)|168,77
segment.8b1e76899395fff-179FDF86AC92FE56|LINESTRING (24.0658213 49.8068758, 24.0657838 49.8070178)|16,02
segment.8b1e7689d136fff-17DFDE4AB1660BB1|LINESTRING (24.0390104 49.8318629, 24.0391549 49.8318034)|12,30
segment.8a1e768a6587fff-17B960D6FBBD93A5|LINESTRING (23.9481957 49.9166827, 23.9481943 49.9164964, 23.9481937 49.9164126, 23.9482974 49.916431, 23.94846 49.9164624, 23.9485616 49.9165318, 23.9486021 49.9165862, 23.9486287 49.9166221, 23.9486651 49.9166904)|79,66
segment.8b1e7689190afff-17B9F9AFF411F6C2|LINESTRING (23.9715231 49.8403446, 23.9717982 49.8403522)|19,75
segment.8d1e7689885377f-17DBD18554A97534|LINESTRING (24.0272593 49.8176734, 24.0273369 49.8176867)|5,76
segment.871e76891ffffff-179FF8E07E46710D|LINESTRING (23.9704018 49.8251672, 23.9704585 49.8251909, 23.9704826 49.8252015, 23.9705491 49.8252268, 23.9708231 49.8253413, 23.9711914 49.825495, 23.9713567 49.825564, 23.97137 49.8255696, 23.9714241 49.8255922, 23.9715956 49.8256638, 23.9716142 49.8256689, 23.9716623 49.8256824, 23.9722573 49.8259249)|157,60
segment.8a1e7688251ffff-17F9721D90BC7B29|LINESTRING (23.9815718 49.8452182, 23.9816247 49.8450776, 23.9817613 49.8447151)|57,57
segment.8b1e76895318fff-17F9F250DBBCF2A4|LINESTRING (23.968501 49.8480355, 23.9687817 49.8480692)|20,47
segment.8b1e76882204fff-17FD9BF9FF8BCCD3|LINESTRING (24.0052871 49.8457486, 24.0053606 49.8457677, 24.0054459 49.8457859)|12,12
segment.871e76895ffffff-17DD70897D7D4D26|LINESTRING (23.9735521 49.8517155, 23.973695 49.8517712, 23.9738372 49.8517957, 23.9741121 49.8518078, 23.9743401 49.85183, 23.9753868 49.8519925)|136,00
segment.891e76126dbffff-17FA6B56A4BE7D32|LINESTRING (24.0577823 49.7945784, 24.0577688 49.7945913, 24.0576565 49.7946982, 24.0575373 49.7947803, 24.0572727 49.7949624)|56,37
segment.891e7688e07ffff-17FE360165F61DB3|LINESTRING (24.068679 49.8463315, 24.0686361 49.8464353, 24.0685449 49.8465373, 24.0684859 49.8466774, 24.0684376 49.8467691, 24.0684376 49.8468867, 24.0684376 49.8469351, 24.0684 49.8470458, 24.068341 49.8471392, 24.0682874 49.8472118, 24.0682552 49.8473173)|115,12
segment.8a1e7688010ffff-179B9AE2659BC06F|LINESTRING (24.0115907 49.868085, 24.0114649 49.8681753, 24.0113488 49.8682337)|24,05
segment.8b1e7613494dfff-17BFFD42C0CB99C8|LINESTRING (24.0254278 49.7852777, 24.0256786 49.7852802)|18,01
segment.881e7689abfffff-17BDB0EE23A8DBFF|LINESTRING (24.0205319 49.7972761, 24.0205223 49.797221, 24.0205011 49.7971135, 24.0204699 49.796978)|33,45
segment.881e768825fffff-179BFBBC7A83183E|LINESTRING (23.9793423 49.8426239, 23.9792417 49.842727, 23.9791939 49.8428083, 23.9791862 49.8428724, 23.9791182 49.8434165, 23.9789863 49.8444725, 23.9788849 49.845284, 23.978877 49.8453701)|308,98
segment.881e7689b3fffff-179A3074C3EA946A|LINESTRING (24.0526337 49.7876446, 24.0527328 49.7876081, 24.0527601 49.7875981, 24.052845 49.7875669, 24.0535191 49.7873193)|73,13
segment.8d1e7689e381aff-17FD7BFF34568026|LINESTRING (23.9988244 49.8095117, 23.9988177 49.8095251)|1,57
segment.8b1e7689e55efff-17BBD47B4810A773|LINESTRING (23.9827495 49.808987, 23.9825217 49.809022)|16,80
segment.891e768a64fffff-17BF1767DAC43B11|LINESTRING (23.9576266 49.9133207, 23.9575982 49.9142088, 23.9576063 49.9142641, 23.957625 49.9143246, 23.9576981 49.9144705)|128,86
segment.8a1e76899a07fff-17DF2B64757B5AA0|LINESTRING (24.0707593 49.8153675, 24.0705669 49.815042)|38,74
segment.891e761252fffff-17BEFF64A210BF4C|LINESTRING (24.1432509 49.8027833, 24.1443676 49.8026753, 24.1446394 49.8026771, 24.1450225 49.8027226, 24.1451289 49.8027221, 24.1451731 49.802717, 24.1452131 49.8027056, 24.1454656 49.8024928)|172,30
segment.8b1e7688ad09fff-17FBB16DB879BEE9|LINESTRING (24.0664406 49.8326865, 24.0665093 49.8326917, 24.0667232 49.832707)|20,40
segment.8a1e76883d37fff-17B9BCFE5B68E680|LINESTRING (24.0124345 49.8531919, 24.0123716 49.853255, 24.0122783 49.8537606)|64,96
segment.8a1e7689d4affff-17B9DCF8E875392A|LINESTRING (24.032029 49.8221396, 24.0320222 49.822188, 24.0320166 49.8222273, 24.0319429 49.8225613)|47,31
segment.871e768b3ffffff-17BD5413C3F07B81|LINESTRING (23.9507246 49.8684305, 23.9506777 49.8684029, 23.949219 49.8681303, 23.9490607 49.8681528, 23.9488802 49.8680654, 23.9487873 49.8679734, 23.9487209 49.8679413)|159,36
segment.871e76898ffffff-1799C2FBB9B0BD55|LINESTRING (24.029888 49.815742, 24.0296729 49.8158089, 24.0283927 49.816197, 24.0269661 49.8166294, 24.0264491 49.8167861, 24.0262359 49.8168515, 24.0261962 49.8168641, 24.0261556 49.8168756, 24.0261142 49.8168858, 24.0260722 49.8168947, 24.0260295 49.8169024, 24.0259864 49.8169088, 24.0259428 49.8169139, 24.0258989 49.8169177)|315,04
segment.8a1e7689d50ffff-17BBDFCE9019F622|LINESTRING (24.0334457 49.8258924, 24.033397 49.8258887, 24.033325 49.8258818, 24.0330421 49.8258621, 24.0329283 49.8256602)|53,04
segment.891e768832bffff-17B9FC692D4F73D9|LINESTRING (24.0372834 49.8409852, 24.0372475 49.8411579, 24.0372717 49.8412115, 24.0373253 49.8412392, 24.0377652 49.8412859, 24.0378617 49.8412738, 24.0379127 49.8412254, 24.038071 49.8407272, 24.0381246 49.8406891, 24.0382077 49.8406787, 24.0394229 49.8408794, 24.0395317 49.8408974, 24.0396629 49.8409191)|252,10
segment.871e7688cffffff-17FFE5D52A0A7F31|LINESTRING (24.0925013 49.8643677, 24.0948763 49.8643606, 24.0959308 49.8643575, 24.0959826 49.8643573, 24.0960629 49.8643618, 24.0961223 49.864372, 24.0961633 49.8643888, 24.0961886 49.8644131, 24.0962009 49.8644454, 24.0962026 49.8644868, 24.0961965 49.864538, 24.0961873 49.8646044, 24.0961786 49.8646852, 24.0961706 49.8647714, 24.0961637 49.864854, 24.0961583 49.8649241, 24.0961548 49.8649728, 24.0961536 49.8649909)|330,92
segment.881e76883dfffff-17FFF2664A9FC398|LINESTRING (24.0208971 49.852125, 24.0212634 49.8521171, 24.0213109 49.8521269)|29,85
segment.8a1e7689c8effff-17BDBA34E9481F6D|LINESTRING (24.011261 49.836081, 24.011129 49.8360265)|11,24
segment.8a1e768a2437fff-17BBFFDB4D6CD4DB|LINESTRING (23.9678201 49.898234, 23.9677995 49.8982763, 23.9677039 49.8984108, 23.9675659 49.8985909, 23.9674398 49.8987623)|64,80
segment.881e768b57fffff-1799C505F73B0BE5|LINESTRING (23.9510646 49.8958011, 23.9500639 49.8958094, 23.9491144 49.8958172)|139,70
segment.8c1e7689caad9ff-1799BC985C9C106A|LINESTRING (24.0187483 49.8333438, 24.0187269 49.8333187, 24.0187055 49.8332935)|6,38
segment.871e7688affffff-17FB51525240776B|LINESTRING (24.0847058 49.8228408, 24.0850727 49.8227366, 24.0854062 49.8226885, 24.0854814 49.8226897, 24.0858421 49.8226903, 24.0861046 49.822689, 24.0861323 49.8226881, 24.0867796 49.822656, 24.0868867 49.8226489, 24.0876235 49.8224598, 24.0876869 49.8224797)|221,61
segment.881e761345fffff-179D9FE90C5EF1A4|LINESTRING (24.0133648 49.7737201, 24.0138936 49.7737393, 24.0138807 49.7740333, 24.0138382 49.7740688, 24.0137872 49.7740871, 24.0134038 49.7740712, 24.0133502 49.7740687, 24.013282 49.7740655, 24.0132372 49.7740634, 24.0131816 49.7740608, 24.013018 49.774076, 24.012866 49.7741009)|146,63
segment.891e7688353ffff-17BBE5914ADF109B|LINESTRING (24.016529 49.8443487, 24.0164355 49.8443357, 24.0161279 49.8442929, 24.0151957 49.8441631, 24.0151679 49.8441592)|99,85
segment.881e76890bfffff-179DC7F8F911B7F0|LINESTRING (23.9534005 49.8357664, 23.951523 49.835974, 23.9507183 49.836064, 23.9500595 49.8361758, 23.9498071 49.8362033, 23.9495547 49.8362384, 23.9494053 49.8362872, 23.9493198 49.8363273, 23.9492821 49.8363828, 23.9492577 49.8364187)|311,61
segment.891e7689c37ffff-17DBF99B0ED2583E|LINESTRING (24.0237236 49.8301714, 24.0236302 49.8299737, 24.0235387 49.8297798, 24.0234672 49.8296284, 24.0235081 49.8295884, 24.0243226 49.829429, 24.0250083 49.8292949)|180,89
segment.861e7688fffffff-17DED35FC0403348|LINESTRING (24.1132095 49.8386561, 24.1132985 49.8376455)|112,55
segment.8c1e7689e5429ff-17FD742818179E1C|LINESTRING (23.9824719 49.809752, 23.9825331 49.8097213)|5,56
segment.891e768b38bffff-17DCE96AB86B2EE7|LINESTRING (23.9387959 49.8744539, 23.9387678 49.8743468)|12,08
segment.871e76d4dffffff-17BEDEE2483ED088|LINESTRING (23.8831839 49.8615575, 23.8811173 49.8621271, 23.8808948 49.862193)|178,66
segment.8b1e7689190afff-17F9FA0E862C9E14|LINESTRING (23.9718124 49.8405284, 23.9718186 49.8404436, 23.9717971 49.8403753)|17,19
segment.881e768919fffff-179BBC4BC4265859|LINESTRING (23.9729808 49.8404512, 23.972571 49.8409021, 23.9724515 49.8409544)|68,47
segment.891e76898c7ffff-17BDF87CC1A8D3DB|LINESTRING (24.0184212 49.8143872, 24.01616 49.8146506, 24.015668 49.814712)|200,82
segment.871e76135ffffff-179F38229BA39904|LINESTRING (24.0636184 49.7819996, 24.0636179 49.7819557, 24.0636116 49.7814521, 24.0617711 49.7814313, 24.0617669 49.7817346)|226,77
segment.8a1e76899c87fff-17D9FEA0B02F9E81|LINESTRING (24.0458094 49.8103643, 24.0457932 49.8103417, 24.0457652 49.8103057, 24.0457534 49.8102905, 24.0457377 49.8102703)|11,65
segment.8a1e76135c87fff-17BDF7161200AAA2|LINESTRING (24.0428737 49.7743792, 24.042496 49.7744617)|28,63
segment.891e7612e57ffff-17FAF42E55300DCB|LINESTRING (24.1539772 49.7685689, 24.15396 49.7686194, 24.1535644 49.768821, 24.1533834 49.7689061, 24.1531741 49.7689725, 24.1528496 49.7689647, 24.1524016 49.7690713, 24.1519604 49.7692454, 24.1517773 49.7692807)|183,23
segment.8a1e76895057fff-17FBF1846087BA02|LINESTRING (23.9616038 49.8488907, 23.9617044 49.8488378, 23.9617481 49.8488194, 23.9617999 49.8487395, 23.9617855 49.848352)|65,78
segment.881e76c653fffff-17BFD429BC31070D|LINESTRING (23.9029331 49.8141863, 23.9036447 49.8135076, 23.9042745 49.8129629, 23.9047886 49.8124589)|233,78
segment.891e7689887ffff-17BBD27C99FC41E3|LINESTRING (24.0274078 49.8176048, 24.0276803 49.8176283, 24.0279796 49.8176551)|41,40
segment.8b1e76882a8efff-179D844CB985037D|LINESTRING (24.0021723 49.850147, 24.0022714 49.8501154)|7,93
segment.891e7688273ffff-17D96B3AD683589B|LINESTRING (23.9919442 49.8438433, 23.9919624 49.8431231)|80,09
segment.881e768881fffff-17FA7749BDC0F518|LINESTRING (24.1030151 49.8465464, 24.1018153 49.8465113, 24.1013298 49.8464162, 24.1007719 49.846226, 24.1007344 49.8459285)|200,94
segment.871e7699affffff-17F9AD6F2EF0A9B5|LINESTRING (23.8984407 49.9259643, 23.900107 49.9251995, 23.9034962 49.9238491, 23.9036342 49.9237886, 23.9037164 49.9236342)|461,92
segment.8a1e7688198ffff-17BDF682FD5E94FD|LINESTRING (24.0422074 49.8722612, 24.0424446 49.8723011, 24.0426917 49.8723426)|35,87
segment.881e76c617fffff-17FA9FBC4F819067|LINESTRING (23.9041901 49.7879497, 23.9028554 49.7888016, 23.9027202 49.7888735, 23.9025632 49.7889282, 23.8997461 49.7893523)|367,78
segment.881e7689c7fffff-17DFBA11CC9409EC|LINESTRING (24.0114863 49.8202561, 24.0113595 49.8198553, 24.0112877 49.8196957, 24.0111741 49.8195497, 24.010704 49.8188474)|167,19
segment.8b1e7688e6cdfff-179A276267F5B872|LINESTRING (24.0692202 49.8357516, 24.069184 49.8356691, 24.0691632 49.8356457, 24.069127 49.8356224, 24.0690982 49.8356137, 24.0689979 49.8355709, 24.0689236 49.8355469, 24.0687689 49.8355287)|44,34
segment.891e7688e13ffff-179B15A77566FCE5|LINESTRING (24.0600904 49.8483441, 24.0605618 49.8483999, 24.0607223 49.8484597, 24.0608135 49.848522, 24.0610012 49.8485808, 24.0611442 49.8485954, 24.0614372 49.8485267, 24.0617108 49.8484852, 24.0621453 49.848506, 24.0624136 49.8485682, 24.062596 49.8487274, 24.0627515 49.8489003, 24.0628642 49.8490456, 24.062891 49.849184, 24.0628266 49.8494641, 24.0628616 49.8496099)|302,41
segment.881e7689bbfffff-17DBF0EF77D26A5A|LINESTRING (24.0465001 49.7991703, 24.0465349 49.7991521, 24.046615 49.799199, 24.0469369 49.799391)|42,43
segment.8b1e7689539efff-17FDFA67C63CB832|LINESTRING (23.9653929 49.8452816, 23.9654011 49.8453705, 23.9654094 49.8454607)|19,95
segment.8b1e7689d1adfff-17BFF2CFCC8CBBD4|LINESTRING (24.0408784 49.8298236, 24.0409896 49.8300013)|21,31
segment.881e761239fffff-17DFB9536CC909D8|LINESTRING (24.1282394 49.7825939, 24.1288835 49.7825162, 24.1290251 49.7823563, 24.1284305 49.7818992, 24.1290676 49.7810902, 24.129419 49.7807235)|282,77
segment.891e768984fffff-17D9A85A0423E01B|LINESTRING (24.0165495 49.8026617, 24.0166586 49.8027071, 24.0167544 49.802741, 24.0169041 49.8027933, 24.0170052 49.8028528, 24.0170886 49.8029032, 24.017158 49.8029596, 24.0172153 49.8030121, 24.0172786 49.8030634, 24.0173412 49.8032024, 24.017374 49.8032747, 24.0173526 49.8033475, 24.0173177 49.8034127, 24.0172619 49.8034995, 24.0172225 49.8035605, 24.0171542 49.8036409, 24.0170955 49.8036894, 24.0169856 49.8037051, 24.0169239 49.8037164, 24.0168407 49.8037233, 24.0167522 49.8037224, 24.0166306 49.8039586, 24.0165457 49.8040098, 24.0165031 49.8040335)|210,16
segment.891e7689bbbffff-17FBF48332C0A1F4|LINESTRING (24.0475905 49.7990028, 24.0477714 49.7989112, 24.0478785 49.798857, 24.0480106 49.7987901, 24.0481548 49.798717, 24.048311 49.7986379, 24.0484705 49.7985572, 24.0486212 49.7984809, 24.048406 49.7983093)|118,57
segment.8b1e7689b66cfff-179FF764C5C2B171|LINESTRING (24.0493763 49.7857943, 24.0493526 49.7859132)|13,33
segment.8a1e7688c19ffff-17FE7AE0D0AC7ED5|LINESTRING (24.0769805 49.8621504, 24.0770317 49.862561)|45,80
segment.881e768913fffff-17BFE653F55042E7|LINESTRING (23.9900335 49.8274568, 23.9900052 49.8271971, 23.9899322 49.8265347, 23.9899067 49.8263172, 23.9898668 49.8259502, 23.9898491 49.8258677)|177,21
segment.891e7689e7bffff-17BBFEFB91542DE0|LINESTRING (23.9872477 49.8051275, 23.9869844 49.8052642, 23.9868346 49.805416, 23.9868105 49.8054404, 23.9866708 49.8056115)|68,99
segment.8b1e7689178bfff-17BB3EBC0C15517E|LINESTRING (23.9736829 49.8222956, 23.9737276 49.8223137, 23.9737731 49.8223321)|7,64
segment.891e76c6803ffff-17DFFE4607FA1FE1|LINESTRING (23.9531749 49.7783548, 23.9532591 49.7783506, 23.9537232 49.778341, 23.9540532 49.778365, 23.9545794 49.7784331)|101,78
segment.8a1e7688e497fff-17F9F5FED5C6E384|LINESTRING (24.0487329 49.8379105, 24.0488505 49.8381)|22,70
segment.861e76887ffffff-17FF7BA19A28D094|LINESTRING (23.9912295 49.8590793, 23.9917856 49.8598019, 23.9914885 49.8601884, 23.991496 49.8604382, 23.9919659 49.860631, 23.9923952 49.8607484, 23.9925185 49.8608662, 23.9925506 49.8610668, 23.9927824 49.8611996, 23.9928189 49.8613642, 23.9929691 49.8616201, 23.9931706 49.8619309, 23.9932348 49.8620299)|397,55
segment.8a1e768836dffff-17D9FE3E477C70C9|LINESTRING (24.032349 49.8355901, 24.0324434 49.8355489, 24.0324873 49.8355201, 24.0325219 49.8354973, 24.0326575 49.8353857)|31,98
segment.891e768956bffff-17DB364DC4F0026A|LINESTRING (23.9576451 49.8376944, 23.9574113 49.837816, 23.9568351 49.8381157, 23.9567761 49.8380707, 23.9567019 49.8380165)|89,22
segment.881e761249fffff-17FEFCC731909E38|LINESTRING (24.0928452 49.8158533, 24.0927485 49.8158905, 24.0926795 49.815978, 24.0925089 49.8161551, 24.0924553 49.816223, 24.0922542 49.816392, 24.092101 49.8165641, 24.0919108 49.8167902, 24.0916466 49.8169865, 24.091576 49.8170024, 24.0914347 49.8170003, 24.0912661 49.8169592, 24.0912455 49.816946, 24.091186 49.8169081, 24.0911019 49.8168821, 24.0908595 49.8168862, 24.0906903 49.8169271, 24.0903315 49.8170297, 24.0899903 49.8171202, 24.0898073 49.8171682, 24.0896557 49.8172187, 24.089518 49.8173274, 24.0894656 49.8174296, 24.0894137 49.8174611, 24.0891554 49.817618, 24.0887752 49.8177801)|399,38
segment.881e768a63fffff-179B7285151D7A2D|LINESTRING (23.9774121 49.9222804, 23.9768206 49.9221927, 23.9761121 49.9221031, 23.9756325 49.9220391, 23.9750765 49.9219397, 23.9741175 49.9218789, 23.9731353 49.9218699)|310,83
segment.8b1e7688e780fff-17DEF0CD2472C4EF|LINESTRING (24.0598621 49.8386184, 24.0597883 49.8385799, 24.0597127 49.838491, 24.0597145 49.8384556)|22,02
segment.891e761263bffff-17DEE6E948E363BD|LINESTRING (24.0815166 49.7882673, 24.0816638 49.7883454, 24.0817818 49.7884007, 24.0820107 49.7884225, 24.0821251 49.788417, 24.0821816 49.7884504, 24.082274 49.7885359, 24.082347 49.7885337)|71,33
segment.891e7689477ffff-17FFFED6283832DA|LINESTRING (23.929524 49.844034, 23.9289237 49.8440582, 23.9285687 49.8440903, 23.928228 49.8441944, 23.9276278 49.8444377, 23.927359 49.8445275, 23.9271257 49.844588, 23.9268708 49.8446365, 23.9265411 49.8448674, 23.9265114 49.8449789, 23.9265563 49.8450903)|265,78
segment.881e7689c3fffff-17F9BFE7613D4E05|LINESTRING (24.0274766 49.8276708, 24.0272767 49.8277707, 24.0265728 49.8278592, 24.0264248 49.8280109, 24.0262421 49.8281462, 24.0259554 49.8282049, 24.0258154 49.828269)|143,35
segment.881e768a11fffff-17B9D55BA11847CF|LINESTRING (24.0364169 49.9186083, 24.0361295 49.918799, 24.0360838 49.9188398, 24.0362286 49.9190295, 24.03664 49.919417, 24.0372342 49.9200269, 24.037346 49.9201561, 24.0373104 49.9202509, 24.0371962 49.9203262, 24.0363276 49.9206352, 24.0357639 49.920869, 24.0351518 49.9211159, 24.0347379 49.9212778, 24.034042 49.9215475, 24.033491 49.9217438, 24.0328764 49.9219874, 24.0324299 49.9221688)|628,02
segment.891e7689283ffff-17FAF7E2E61441E9|LINESTRING (23.9186705 49.8216408, 23.9187066 49.8217329, 23.9187138 49.821773, 23.9183703 49.8225484, 23.9183012 49.8226969, 23.918248 49.822771, 23.9182261 49.8228058, 23.9181988 49.8228388)|139,38
segment.8a1e7689d577fff-179BF1C11130438F|LINESTRING (24.0338105 49.8269881, 24.0338178 49.827002, 24.0338443 49.8270201, 24.0339342 49.8270266, 24.0339699 49.8270153, 24.0340077 49.8269327, 24.0340217 49.8269021, 24.0340439 49.8268499)|32,88
segment.891e7689c4fffff-17D9A435561BB3E0|LINESTRING (24.0017394 49.8216439, 24.0026296 49.8214924)|66,05
segment.891e768950fffff-179D5FD7C183FC8C|LINESTRING (23.960379 49.8456288, 23.9611688 49.8464575, 23.9612887 49.8465833, 23.9613089 49.8467116, 23.9613268 49.8467421, 23.9613431 49.8467697, 23.9613611 49.8467866, 23.9614895 49.8469598, 23.9615595 49.8473749)|215,88
segment.8a1e76881917fff-17B9F23FD64DE213|LINESTRING (24.0408908 49.874588, 24.0405165 49.8745334)|27,50
segment.8c1e7689a329dff-17F9ABF2E6A744AE|LINESTRING (24.0184649 49.7941911, 24.0184629 49.7941629, 24.0184595 49.7941149)|8,48
segment.8a1e76892ca7fff-17DC9922A05FBCE0|LINESTRING (23.9064657 49.8156992, 23.905529 49.8162504, 23.9053314 49.8163666)|110,14
segment.891e768b45bffff-17B87F8E7647BE9B|LINESTRING (23.8946387 49.9005209, 23.8948292 49.9005174, 23.8950169 49.9004881, 23.8952127 49.900469, 23.895328 49.9004017, 23.8953817 49.9002859, 23.8953978 49.9001529, 23.8955373 49.900044, 23.8958162 49.8998747, 23.8960013 49.8997693, 23.8960844 49.8996553, 23.8961158 49.8996123)|161,21
segment.881e768987fffff-179DF58DD596CBCA|LINESTRING (24.0227945 49.8017508, 24.0225954 49.8017742, 24.0219987 49.8018483)|58,13
segment.881e76889bfffff-17BEFA890BA685B3|LINESTRING (24.1442227 49.845905, 24.1435719 49.8460197, 24.1429692 49.846093, 24.1426086 49.8461267, 24.142022 49.8461572, 24.1413631 49.8461944, 24.1405709 49.8462292)|265,04
segment.891e76130d7ffff-17B9F41466645587|LINESTRING (24.0282279 49.760775, 24.0282604 49.7610886, 24.0285171 49.7618009)|116,27
segment.881e7689d5fffff-179DE7E24070A06C|LINESTRING (24.0303519 49.8225451, 24.0303381 49.8225539, 24.030267 49.8225929, 24.0301298 49.8225174, 24.0300236 49.8225687, 24.0299928 49.8225892, 24.0299607 49.8226096, 24.0295753 49.8228742, 24.0294672 49.8228073)|88,07
segment.891e761250bffff-179BF5F602517F2F|LINESTRING (24.128844 49.8049298, 24.1277267 49.8051942, 24.1267195 49.8054571, 24.1259967 49.8056175)|218,22
segment.881e768929fffff-17DCB526749CA59F|LINESTRING (23.9166236 49.8222455, 23.9173639 49.8223794, 23.9181234 49.8225168)|111,74
segment.8b1e76899129fff-17DA71A3A2D1F48B|LINESTRING (24.0599874 49.8135689, 24.0601191 49.8135499, 24.0602424 49.8135542)|18,54
segment.8a1e7613030ffff-17FFF9107E005307|LINESTRING (24.0500817 49.7554609, 24.0500157 49.7558601)|44,64
segment.8b1e76885b26fff-179BDB753D361816|LINESTRING (24.0380102 49.8917789, 24.0379388 49.8918777, 24.0378579 49.8919672, 24.0378557 49.891971, 24.0378532 49.8920197)|29,50
segment.8b1e7689e6b0fff-17B9F178F3F4621C|LINESTRING (23.9878562 49.8022983, 23.9879936 49.8022729, 23.9880572 49.8022611)|15,01
segment.8b1e768a3735fff-17FF9E8A436F3903|LINESTRING (24.01279 49.8973851, 24.0131499 49.8974548)|26,92
segment.8a1e7689d46ffff-17DFE1650B406B2E|LINESTRING (24.0403708 49.8246907, 24.0403656 49.8247331, 24.0403363 49.824972)|31,38
segment.8a1e768b3d27fff-17B9FF603D1DC73D|LINESTRING (23.9278424 49.874385, 23.9283885 49.8743548)|39,28
segment.8a1e76883037fff-17D9FFC2727ADF0B|LINESTRING (24.026757 49.8477701, 24.026677 49.8477678, 24.0263965 49.8477798)|25,90
segment.8a1e7612018ffff-17FF83804BB9F27A|LINESTRING (24.1067637 49.7901021, 24.1067765 49.7903543, 24.1067097 49.790384, 24.1067097 49.790473)|43,78
segment.891e76d49bbffff-17FB7C0D529E54E7|LINESTRING (23.8937332 49.8568534, 23.894239 49.8568209)|36,44
segment.891e768b193ffff-179D9873F45D39F5|LINESTRING (23.9578323 49.8952037, 23.9582634 49.895201)|30,88
segment.8c1e76883474bff-17FFF1AC10E4181B|LINESTRING (24.0207434 49.8431143, 24.0208196 49.8431247, 24.0208695 49.8431321)|9,26
segment.8a1e7689d067fff-17BBF589B78550F9|LINESTRING (24.049251 49.8294718, 24.0490767 49.8295029, 24.0488706 49.8295273, 24.0486069 49.8295086, 24.0481382 49.8294879, 24.04815 49.8292924, 24.0481517 49.8292651)|105,52
segment.891e768816bffff-17FBF979EC301109|LINESTRING (24.043453 49.8539217, 24.0435343 49.8539235, 24.043633 49.85394, 24.0436996 49.8539573, 24.0437758 49.8539808, 24.0438216 49.8539977, 24.0438661 49.8540228)|32,37
segment.891e76882bbffff-17BBFA45F859B8AF|LINESTRING (23.9979733 49.8530836, 23.9982568 49.8526016)|57,32
segment.8a1e7689e4cffff-179978B1A90AB537|LINESTRING (23.9835406 49.8043381, 23.9841489 49.8042836, 23.9851815 49.8041912)|118,89
segment.8a1e76c6db07fff-17BD4C5D3059154F|LINESTRING (23.9792971 49.8022736, 23.9793087 49.802474, 23.97933 49.8026538)|42,35
segment.8a1e76883c5ffff-17DBF20737DCE92E|LINESTRING (24.0211109 49.8484039, 24.0209375 49.8484153, 24.0207936 49.8484245)|22,87
segment.8c1e7613452e9ff-17BD98E6754403A0|LINESTRING (24.0107417 49.7738219, 24.0105781 49.7738148)|11,77
segment.8a1e7689851ffff-179FFD7C61B983A2|LINESTRING (24.0128826 49.807731, 24.0125458 49.8077567, 24.0123212 49.8078004, 24.0121964 49.8078247)|50,53
segment.8b1e7689b98efff-17BFF61566014422|LINESTRING (24.0356361 49.8001724, 24.035708 49.8001996, 24.0357974 49.800274)|16,45
segment.8c1e76892d9b1ff-179E95F7205AF1D9|LINESTRING (23.904598 49.815944, 23.9046025 49.8159743)|3,38
